ISO-10303-21;
HEADER;
FILE_DESCRIPTION(('KiCad electronic assembly'),'2;1');
FILE_NAME('MasterModule.step','2025-12-04T13:20:04',('Pcbnew'),('Kicad')
  ,'Open CASCADE STEP processor 7.9','KiCad to STEP converter','Unknown'
  );
FILE_SCHEMA(('AUTOMOTIVE_DESIGN { 1 0 10303 214 1 1 1 1 }'));
ENDSEC;
DATA;
#1 = APPLICATION_PROTOCOL_DEFINITION('international standard',
  'automotive_design',2000,#2);
#2 = APPLICATION_CONTEXT(
  'core data for automotive mechanical design processes');
#3 = SHAPE_DEFINITION_REPRESENTATION(#4,#10);
#4 = PRODUCT_DEFINITION_SHAPE('','',#5);
#5 = PRODUCT_DEFINITION('design','',#6,#9);
#6 = PRODUCT_DEFINITION_FORMATION('','',#7);
#7 = PRODUCT('MasterModule 1','MasterModule 1','',(#8));
#8 = PRODUCT_CONTEXT('',#2,'mechanical');
#9 = PRODUCT_DEFINITION_CONTEXT('part definition',#2,'design');
#10 = SHAPE_REPRESENTATION('',(#11,#15),#19);
#11 = AXIS2_PLACEMENT_3D('',#12,#13,#14);
#12 = CARTESIAN_POINT('',(0.,0.,0.));
#13 = DIRECTION('',(0.,0.,1.));
#14 = DIRECTION('',(1.,0.,-0.));
#15 = AXIS2_PLACEMENT_3D('',#16,#17,#18);
#16 = CARTESIAN_POINT('',(0.,0.,0.));
#17 = DIRECTION('',(0.,0.,1.));
#18 = DIRECTION('',(1.,0.,-0.));
#19 = ( GEOMETRIC_REPRESENTATION_CONTEXT(3) 
GLOBAL_UNCERTAINTY_ASSIGNED_CONTEXT((#23)) GLOBAL_UNIT_ASSIGNED_CONTEXT(
(#20,#21,#22)) REPRESENTATION_CONTEXT('Context #1',
  '3D Context with UNIT and UNCERTAINTY') );
#20 = ( LENGTH_UNIT() NAMED_UNIT(*) SI_UNIT(.MILLI.,.METRE.) );
#21 = ( NAMED_UNIT(*) PLANE_ANGLE_UNIT() SI_UNIT($,.RADIAN.) );
#22 = ( NAMED_UNIT(*) SI_UNIT($,.STERADIAN.) SOLID_ANGLE_UNIT() );
#23 = UNCERTAINTY_MEASURE_WITH_UNIT(LENGTH_MEASURE(1.E-07),#20,
  'distance_accuracy_value','confusion accuracy');
#24 = PRODUCT_RELATED_PRODUCT_CATEGORY('part',$,(#7));
#25 = SHAPE_DEFINITION_REPRESENTATION(#26,#32);
#26 = PRODUCT_DEFINITION_SHAPE('','',#27);
#27 = PRODUCT_DEFINITION('design','',#28,#31);
#28 = PRODUCT_DEFINITION_FORMATION('','',#29);
#29 = PRODUCT('MasterModule_PCB','MasterModule_PCB','',(#30));
#30 = PRODUCT_CONTEXT('',#2,'mechanical');
#31 = PRODUCT_DEFINITION_CONTEXT('part definition',#2,'design');
#32 = ADVANCED_BREP_SHAPE_REPRESENTATION('',(#11,#33),#3742);
#33 = MANIFOLD_SOLID_BREP('',#34);
#34 = CLOSED_SHELL('',(#35,#77,#108,#139,#1127,#2115,#2132,#2149,#2166,
    #2183,#2200,#2217,#2234,#2251,#2268,#2285,#2302,#2319,#2336,#2353,
    #2370,#2387,#2404,#2421,#2438,#2455,#2472,#2489,#2506,#2523,#2540,
    #2557,#2574,#2586,#2603,#2620,#2637,#2654,#2671,#2688,#2705,#2722,
    #2739,#2756,#2773,#2790,#2807,#2824,#2841,#2858,#2875,#2892,#2909,
    #2926,#2943,#2960,#2977,#2994,#3011,#3028,#3045,#3062,#3079,#3096,
    #3113,#3130,#3147,#3164,#3181,#3198,#3215,#3232,#3249,#3266,#3283,
    #3300,#3317,#3334,#3351,#3368,#3385,#3402,#3419,#3436,#3453,#3470,
    #3487,#3504,#3521,#3538,#3555,#3572,#3589,#3606,#3623,#3640,#3657,
    #3674,#3691,#3708,#3725));
#35 = ADVANCED_FACE('',(#36),#72,.T.);
#36 = FACE_BOUND('',#37,.T.);
#37 = EDGE_LOOP('',(#38,#48,#57,#65));
#38 = ORIENTED_EDGE('',*,*,#39,.T.);
#39 = EDGE_CURVE('',#40,#42,#44,.T.);
#40 = VERTEX_POINT('',#41);
#41 = CARTESIAN_POINT('',(21.33905,38.,0.));
#42 = VERTEX_POINT('',#43);
#43 = CARTESIAN_POINT('',(21.33905,38.,1.51));
#44 = LINE('',#45,#46);
#45 = CARTESIAN_POINT('',(21.33905,38.,0.));
#46 = VECTOR('',#47,1.);
#47 = DIRECTION('',(0.,0.,1.));
#48 = ORIENTED_EDGE('',*,*,#49,.T.);
#49 = EDGE_CURVE('',#42,#50,#52,.T.);
#50 = VERTEX_POINT('',#51);
#51 = CARTESIAN_POINT('',(23.33905,36.,1.51));
#52 = CIRCLE('',#53,1.99999850585);
#53 = AXIS2_PLACEMENT_3D('',#54,#55,#56);
#54 = CARTESIAN_POINT('',(21.33905149415,36.00000149415,1.51));
#55 = DIRECTION('',(0.,0.,-1.));
#56 = DIRECTION('',(-7.470757438357E-07,1.,0.));
#57 = ORIENTED_EDGE('',*,*,#58,.F.);
#58 = EDGE_CURVE('',#59,#50,#61,.T.);
#59 = VERTEX_POINT('',#60);
#60 = CARTESIAN_POINT('',(23.33905,36.,0.));
#61 = LINE('',#62,#63);
#62 = CARTESIAN_POINT('',(23.33905,36.,0.));
#63 = VECTOR('',#64,1.);
#64 = DIRECTION('',(0.,0.,1.));
#65 = ORIENTED_EDGE('',*,*,#66,.F.);
#66 = EDGE_CURVE('',#40,#59,#67,.T.);
#67 = CIRCLE('',#68,1.99999850585);
#68 = AXIS2_PLACEMENT_3D('',#69,#70,#71);
#69 = CARTESIAN_POINT('',(21.33905149415,36.00000149415,0.));
#70 = DIRECTION('',(0.,0.,-1.));
#71 = DIRECTION('',(-7.470757438357E-07,1.,0.));
#72 = CYLINDRICAL_SURFACE('',#73,1.99999850585);
#73 = AXIS2_PLACEMENT_3D('',#74,#75,#76);
#74 = CARTESIAN_POINT('',(21.33905149415,36.00000149415,0.));
#75 = DIRECTION('',(0.,0.,-1.));
#76 = DIRECTION('',(-7.470757438357E-07,1.,0.));
#77 = ADVANCED_FACE('',(#78),#103,.T.);
#78 = FACE_BOUND('',#79,.T.);
#79 = EDGE_LOOP('',(#80,#90,#96,#97));
#80 = ORIENTED_EDGE('',*,*,#81,.T.);
#81 = EDGE_CURVE('',#82,#84,#86,.T.);
#82 = VERTEX_POINT('',#83);
#83 = CARTESIAN_POINT('',(2.194948,38.,0.));
#84 = VERTEX_POINT('',#85);
#85 = CARTESIAN_POINT('',(2.194948,38.,1.51));
#86 = LINE('',#87,#88);
#87 = CARTESIAN_POINT('',(2.194948,38.,0.));
#88 = VECTOR('',#89,1.);
#89 = DIRECTION('',(0.,0.,1.));
#90 = ORIENTED_EDGE('',*,*,#91,.T.);
#91 = EDGE_CURVE('',#84,#42,#92,.T.);
#92 = LINE('',#93,#94);
#93 = CARTESIAN_POINT('',(2.194948,38.,1.51));
#94 = VECTOR('',#95,1.);
#95 = DIRECTION('',(1.,0.,0.));
#96 = ORIENTED_EDGE('',*,*,#39,.F.);
#97 = ORIENTED_EDGE('',*,*,#98,.F.);
#98 = EDGE_CURVE('',#82,#40,#99,.T.);
#99 = LINE('',#100,#101);
#100 = CARTESIAN_POINT('',(2.194948,38.,0.));
#101 = VECTOR('',#102,1.);
#102 = DIRECTION('',(1.,0.,0.));
#103 = PLANE('',#104);
#104 = AXIS2_PLACEMENT_3D('',#105,#106,#107);
#105 = CARTESIAN_POINT('',(2.194948,38.,0.));
#106 = DIRECTION('',(0.,1.,0.));
#107 = DIRECTION('',(1.,0.,0.));
#108 = ADVANCED_FACE('',(#109),#134,.T.);
#109 = FACE_BOUND('',#110,.T.);
#110 = EDGE_LOOP('',(#111,#112,#120,#128));
#111 = ORIENTED_EDGE('',*,*,#58,.T.);
#112 = ORIENTED_EDGE('',*,*,#113,.T.);
#113 = EDGE_CURVE('',#50,#114,#116,.T.);
#114 = VERTEX_POINT('',#115);
#115 = CARTESIAN_POINT('',(23.33905,27.9,1.51));
#116 = LINE('',#117,#118);
#117 = CARTESIAN_POINT('',(23.33905,36.,1.51));
#118 = VECTOR('',#119,1.);
#119 = DIRECTION('',(0.,-1.,0.));
#120 = ORIENTED_EDGE('',*,*,#121,.F.);
#121 = EDGE_CURVE('',#122,#114,#124,.T.);
#122 = VERTEX_POINT('',#123);
#123 = CARTESIAN_POINT('',(23.33905,27.9,0.));
#124 = LINE('',#125,#126);
#125 = CARTESIAN_POINT('',(23.33905,27.9,0.));
#126 = VECTOR('',#127,1.);
#127 = DIRECTION('',(0.,0.,1.));
#128 = ORIENTED_EDGE('',*,*,#129,.F.);
#129 = EDGE_CURVE('',#59,#122,#130,.T.);
#130 = LINE('',#131,#132);
#131 = CARTESIAN_POINT('',(23.33905,36.,0.));
#132 = VECTOR('',#133,1.);
#133 = DIRECTION('',(0.,-1.,0.));
#134 = PLANE('',#135);
#135 = AXIS2_PLACEMENT_3D('',#136,#137,#138);
#136 = CARTESIAN_POINT('',(23.33905,36.,0.));
#137 = DIRECTION('',(1.,0.,-0.));
#138 = DIRECTION('',(0.,-1.,0.));
#139 = ADVANCED_FACE('',(#140,#374,#385,#396,#407,#418,#429,#440,#451,
    #462,#473,#484,#495,#506,#517,#528,#539,#550,#561,#572,#583,#594,
    #605,#616,#627,#638,#649,#660,#671,#682,#693,#704,#715,#726,#737,
    #748,#759,#770,#781,#792,#803,#814,#825,#836,#847,#858,#869,#880,
    #891,#902,#913,#924,#935,#946,#957,#968,#979,#990,#1001,#1012,#1023,
    #1034,#1045,#1056,#1067,#1078,#1089,#1100,#1111),#1122,.F.);
#140 = FACE_BOUND('',#141,.F.);
#141 = EDGE_LOOP('',(#142,#143,#144,#153,#161,#169,#177,#186,#194,#202,
    #211,#219,#228,#236,#245,#253,#261,#269,#277,#286,#294,#303,#311,
    #319,#327,#335,#343,#351,#359,#367,#373));
#142 = ORIENTED_EDGE('',*,*,#66,.F.);
#143 = ORIENTED_EDGE('',*,*,#98,.F.);
#144 = ORIENTED_EDGE('',*,*,#145,.F.);
#145 = EDGE_CURVE('',#146,#82,#148,.T.);
#146 = VERTEX_POINT('',#147);
#147 = CARTESIAN_POINT('',(0.19495,36.000002,0.));
#148 = CIRCLE('',#149,1.999998505848);
#149 = AXIS2_PLACEMENT_3D('',#150,#151,#152);
#150 = CARTESIAN_POINT('',(2.194948505848,36.000001494152,0.));
#151 = DIRECTION('',(0.,0.,-1.));
#152 = DIRECTION('',(-1.,2.529244056352E-07,0.));
#153 = ORIENTED_EDGE('',*,*,#154,.F.);
#154 = EDGE_CURVE('',#155,#146,#157,.T.);
#155 = VERTEX_POINT('',#156);
#156 = CARTESIAN_POINT('',(0.19495,19.63729,0.));
#157 = LINE('',#158,#159);
#158 = CARTESIAN_POINT('',(0.19495,19.63729,0.));
#159 = VECTOR('',#160,1.);
#160 = DIRECTION('',(0.,1.,0.));
#161 = ORIENTED_EDGE('',*,*,#162,.F.);
#162 = EDGE_CURVE('',#163,#155,#165,.T.);
#163 = VERTEX_POINT('',#164);
#164 = CARTESIAN_POINT('',(-8.17205,19.63729,0.));
#165 = LINE('',#166,#167);
#166 = CARTESIAN_POINT('',(-8.17205,19.63729,0.));
#167 = VECTOR('',#168,1.);
#168 = DIRECTION('',(1.,0.,0.));
#169 = ORIENTED_EDGE('',*,*,#170,.F.);
#170 = EDGE_CURVE('',#171,#163,#173,.T.);
#171 = VERTEX_POINT('',#172);
#172 = CARTESIAN_POINT('',(-8.17205,17.73729,0.));
#173 = LINE('',#174,#175);
#174 = CARTESIAN_POINT('',(-8.17205,17.73729,0.));
#175 = VECTOR('',#176,1.);
#176 = DIRECTION('',(0.,1.,0.));
#177 = ORIENTED_EDGE('',*,*,#178,.F.);
#178 = EDGE_CURVE('',#179,#171,#181,.T.);
#179 = VERTEX_POINT('',#180);
#180 = CARTESIAN_POINT('',(-15.97205,17.737289,0.));
#181 = CIRCLE('',#182,3.9);
#182 = AXIS2_PLACEMENT_3D('',#183,#184,#185);
#183 = CARTESIAN_POINT('',(-12.07205,17.73729,0.));
#184 = DIRECTION('',(0.,0.,1.));
#185 = DIRECTION('',(-1.,-2.5641027216E-07,0.));
#186 = ORIENTED_EDGE('',*,*,#187,.F.);
#187 = EDGE_CURVE('',#188,#179,#190,.T.);
#188 = VERTEX_POINT('',#189);
#189 = CARTESIAN_POINT('',(-15.97205,19.63729,0.));
#190 = LINE('',#191,#192);
#191 = CARTESIAN_POINT('',(-15.97205,19.63729,0.));
#192 = VECTOR('',#193,1.);
#193 = DIRECTION('',(0.,-1.,0.));
#194 = ORIENTED_EDGE('',*,*,#195,.F.);
#195 = EDGE_CURVE('',#196,#188,#198,.T.);
#196 = VERTEX_POINT('',#197);
#197 = CARTESIAN_POINT('',(-21.339052,19.63729,0.));
#198 = LINE('',#199,#200);
#199 = CARTESIAN_POINT('',(-21.339052,19.63729,0.));
#200 = VECTOR('',#201,1.);
#201 = DIRECTION('',(1.,0.,0.));
#202 = ORIENTED_EDGE('',*,*,#203,.F.);
#203 = EDGE_CURVE('',#204,#196,#206,.T.);
#204 = VERTEX_POINT('',#205);
#205 = CARTESIAN_POINT('',(-23.33905,17.637292,0.));
#206 = CIRCLE('',#207,1.999998505849);
#207 = AXIS2_PLACEMENT_3D('',#208,#209,#210);
#208 = CARTESIAN_POINT('',(-21.33905149415,17.637291494152,0.));
#209 = DIRECTION('',(0.,0.,-1.));
#210 = DIRECTION('',(-1.,2.529244074116E-07,0.));
#211 = ORIENTED_EDGE('',*,*,#212,.F.);
#212 = EDGE_CURVE('',#213,#204,#215,.T.);
#213 = VERTEX_POINT('',#214);
#214 = CARTESIAN_POINT('',(-23.33905,-3.362707,0.));
#215 = LINE('',#216,#217);
#216 = CARTESIAN_POINT('',(-23.33905,-3.362707,0.));
#217 = VECTOR('',#218,1.);
#218 = DIRECTION('',(0.,1.,0.));
#219 = ORIENTED_EDGE('',*,*,#220,.F.);
#220 = EDGE_CURVE('',#221,#213,#223,.T.);
#221 = VERTEX_POINT('',#222);
#222 = CARTESIAN_POINT('',(-21.339048,-5.36271,0.));
#223 = CIRCLE('',#224,2.000001920062);
#224 = AXIS2_PLACEMENT_3D('',#225,#226,#227);
#225 = CARTESIAN_POINT('',(-21.33904807993,-3.362708079938,0.));
#226 = DIRECTION('',(0.,0.,-1.));
#227 = DIRECTION('',(3.996893376056E-08,-1.,0.));
#228 = ORIENTED_EDGE('',*,*,#229,.F.);
#229 = EDGE_CURVE('',#230,#221,#232,.T.);
#230 = VERTEX_POINT('',#231);
#231 = CARTESIAN_POINT('',(-20.660949,-5.36271,0.));
#232 = LINE('',#233,#234);
#233 = CARTESIAN_POINT('',(-20.660949,-5.36271,0.));
#234 = VECTOR('',#235,1.);
#235 = DIRECTION('',(-1.,0.,0.));
#236 = ORIENTED_EDGE('',*,*,#237,.F.);
#237 = EDGE_CURVE('',#238,#230,#240,.T.);
#238 = VERTEX_POINT('',#239);
#239 = CARTESIAN_POINT('',(-18.66095,-7.362709,0.));
#240 = CIRCLE('',#241,1.999998505848);
#241 = AXIS2_PLACEMENT_3D('',#242,#243,#244);
#242 = CARTESIAN_POINT('',(-20.66094850584,-7.362708505848,0.));
#243 = DIRECTION('',(0.,0.,1.));
#244 = DIRECTION('',(1.,-2.47075968861E-07,0.));
#245 = ORIENTED_EDGE('',*,*,#246,.F.);
#246 = EDGE_CURVE('',#247,#238,#249,.T.);
#247 = VERTEX_POINT('',#248);
#248 = CARTESIAN_POINT('',(-18.66095,-25.7,0.));
#249 = LINE('',#250,#251);
#250 = CARTESIAN_POINT('',(-18.66095,-25.7,0.));
#251 = VECTOR('',#252,1.);
#252 = DIRECTION('',(0.,1.,0.));
#253 = ORIENTED_EDGE('',*,*,#254,.F.);
#254 = EDGE_CURVE('',#255,#247,#257,.T.);
#255 = VERTEX_POINT('',#256);
#256 = CARTESIAN_POINT('',(-17.66095,-26.7,0.));
#257 = LINE('',#258,#259);
#258 = CARTESIAN_POINT('',(-17.66095,-26.7,0.));
#259 = VECTOR('',#260,1.);
#260 = DIRECTION('',(-0.707106781187,0.707106781187,0.));
#261 = ORIENTED_EDGE('',*,*,#262,.F.);
#262 = EDGE_CURVE('',#263,#255,#265,.T.);
#263 = VERTEX_POINT('',#264);
#264 = CARTESIAN_POINT('',(-18.66095,-27.7,0.));
#265 = LINE('',#266,#267);
#266 = CARTESIAN_POINT('',(-18.66095,-27.7,0.));
#267 = VECTOR('',#268,1.);
#268 = DIRECTION('',(0.707106781187,0.707106781187,0.));
#269 = ORIENTED_EDGE('',*,*,#270,.F.);
#270 = EDGE_CURVE('',#271,#263,#273,.T.);
#271 = VERTEX_POINT('',#272);
#272 = CARTESIAN_POINT('',(-18.66095,-36.000002,0.));
#273 = LINE('',#274,#275);
#274 = CARTESIAN_POINT('',(-18.66095,-36.000002,0.));
#275 = VECTOR('',#276,1.);
#276 = DIRECTION('',(0.,1.,0.));
#277 = ORIENTED_EDGE('',*,*,#278,.F.);
#278 = EDGE_CURVE('',#279,#271,#281,.T.);
#279 = VERTEX_POINT('',#280);
#280 = CARTESIAN_POINT('',(-16.660952,-38.,0.));
#281 = CIRCLE('',#282,1.999998505848);
#282 = AXIS2_PLACEMENT_3D('',#283,#284,#285);
#283 = CARTESIAN_POINT('',(-16.66095149415,-36.00000149415,0.));
#284 = DIRECTION('',(0.,0.,-1.));
#285 = DIRECTION('',(-2.529244074116E-07,-1.,-0.));
#286 = ORIENTED_EDGE('',*,*,#287,.F.);
#287 = EDGE_CURVE('',#288,#279,#290,.T.);
#288 = VERTEX_POINT('',#289);
#289 = CARTESIAN_POINT('',(21.33905,-38.,0.));
#290 = LINE('',#291,#292);
#291 = CARTESIAN_POINT('',(21.33905,-38.,0.));
#292 = VECTOR('',#293,1.);
#293 = DIRECTION('',(-1.,0.,0.));
#294 = ORIENTED_EDGE('',*,*,#295,.F.);
#295 = EDGE_CURVE('',#296,#288,#298,.T.);
#296 = VERTEX_POINT('',#297);
#297 = CARTESIAN_POINT('',(23.33905,-36.,0.));
#298 = CIRCLE('',#299,1.99999850585);
#299 = AXIS2_PLACEMENT_3D('',#300,#301,#302);
#300 = CARTESIAN_POINT('',(21.33905149415,-36.00000149415,0.));
#301 = DIRECTION('',(0.,0.,-1.));
#302 = DIRECTION('',(1.,7.470757420593E-07,0.));
#303 = ORIENTED_EDGE('',*,*,#304,.F.);
#304 = EDGE_CURVE('',#305,#296,#307,.T.);
#305 = VERTEX_POINT('',#306);
#306 = CARTESIAN_POINT('',(23.33905,-26.,0.));
#307 = LINE('',#308,#309);
#308 = CARTESIAN_POINT('',(23.33905,-26.,0.));
#309 = VECTOR('',#310,1.);
#310 = DIRECTION('',(0.,-1.,0.));
#311 = ORIENTED_EDGE('',*,*,#312,.F.);
#312 = EDGE_CURVE('',#313,#305,#315,.T.);
#313 = VERTEX_POINT('',#314);
#314 = CARTESIAN_POINT('',(22.33905,-25.,0.));
#315 = LINE('',#316,#317);
#316 = CARTESIAN_POINT('',(22.33905,-25.,0.));
#317 = VECTOR('',#318,1.);
#318 = DIRECTION('',(0.707106781187,-0.707106781187,0.));
#319 = ORIENTED_EDGE('',*,*,#320,.F.);
#320 = EDGE_CURVE('',#321,#313,#323,.T.);
#321 = VERTEX_POINT('',#322);
#322 = CARTESIAN_POINT('',(23.33905,-24.,0.));
#323 = LINE('',#324,#325);
#324 = CARTESIAN_POINT('',(23.33905,-24.,0.));
#325 = VECTOR('',#326,1.);
#326 = DIRECTION('',(-0.707106781187,-0.707106781187,0.));
#327 = ORIENTED_EDGE('',*,*,#328,.F.);
#328 = EDGE_CURVE('',#329,#321,#331,.T.);
#329 = VERTEX_POINT('',#330);
#330 = CARTESIAN_POINT('',(23.33905,11.75,0.));
#331 = LINE('',#332,#333);
#332 = CARTESIAN_POINT('',(23.33905,11.75,0.));
#333 = VECTOR('',#334,1.);
#334 = DIRECTION('',(0.,-1.,0.));
#335 = ORIENTED_EDGE('',*,*,#336,.F.);
#336 = EDGE_CURVE('',#337,#329,#339,.T.);
#337 = VERTEX_POINT('',#338);
#338 = CARTESIAN_POINT('',(22.33905,12.75,0.));
#339 = LINE('',#340,#341);
#340 = CARTESIAN_POINT('',(22.33905,12.75,0.));
#341 = VECTOR('',#342,1.);
#342 = DIRECTION('',(0.707106781187,-0.707106781187,0.));
#343 = ORIENTED_EDGE('',*,*,#344,.F.);
#344 = EDGE_CURVE('',#345,#337,#347,.T.);
#345 = VERTEX_POINT('',#346);
#346 = CARTESIAN_POINT('',(23.33905,13.75,0.));
#347 = LINE('',#348,#349);
#348 = CARTESIAN_POINT('',(23.33905,13.75,0.));
#349 = VECTOR('',#350,1.);
#350 = DIRECTION('',(-0.707106781187,-0.707106781187,0.));
#351 = ORIENTED_EDGE('',*,*,#352,.F.);
#352 = EDGE_CURVE('',#353,#345,#355,.T.);
#353 = VERTEX_POINT('',#354);
#354 = CARTESIAN_POINT('',(23.33905,25.9,0.));
#355 = LINE('',#356,#357);
#356 = CARTESIAN_POINT('',(23.33905,25.9,0.));
#357 = VECTOR('',#358,1.);
#358 = DIRECTION('',(0.,-1.,0.));
#359 = ORIENTED_EDGE('',*,*,#360,.F.);
#360 = EDGE_CURVE('',#361,#353,#363,.T.);
#361 = VERTEX_POINT('',#362);
#362 = CARTESIAN_POINT('',(22.33905,26.9,0.));
#363 = LINE('',#364,#365);
#364 = CARTESIAN_POINT('',(22.33905,26.9,0.));
#365 = VECTOR('',#366,1.);
#366 = DIRECTION('',(0.707106781187,-0.707106781187,0.));
#367 = ORIENTED_EDGE('',*,*,#368,.F.);
#368 = EDGE_CURVE('',#122,#361,#369,.T.);
#369 = LINE('',#370,#371);
#370 = CARTESIAN_POINT('',(23.33905,27.9,0.));
#371 = VECTOR('',#372,1.);
#372 = DIRECTION('',(-0.707106781187,-0.707106781187,0.));
#373 = ORIENTED_EDGE('',*,*,#129,.F.);
#374 = FACE_BOUND('',#375,.F.);
#375 = EDGE_LOOP('',(#376));
#376 = ORIENTED_EDGE('',*,*,#377,.T.);
#377 = EDGE_CURVE('',#378,#378,#380,.T.);
#378 = VERTEX_POINT('',#379);
#379 = CARTESIAN_POINT('',(-15.33905,-35.962707,0.));
#380 = CIRCLE('',#381,1.1);
#381 = AXIS2_PLACEMENT_3D('',#382,#383,#384);
#382 = CARTESIAN_POINT('',(-15.33905,-34.862707,0.));
#383 = DIRECTION('',(-0.,0.,-1.));
#384 = DIRECTION('',(-0.,-1.,0.));
#385 = FACE_BOUND('',#386,.F.);
#386 = EDGE_LOOP('',(#387));
#387 = ORIENTED_EDGE('',*,*,#388,.T.);
#388 = EDGE_CURVE('',#389,#389,#391,.T.);
#389 = VERTEX_POINT('',#390);
#390 = CARTESIAN_POINT('',(-15.83905,-29.902707,0.));
#391 = CIRCLE('',#392,0.5);
#392 = AXIS2_PLACEMENT_3D('',#393,#394,#395);
#393 = CARTESIAN_POINT('',(-15.83905,-29.402707,0.));
#394 = DIRECTION('',(-0.,0.,-1.));
#395 = DIRECTION('',(-0.,-1.,0.));
#396 = FACE_BOUND('',#397,.F.);
#397 = EDGE_LOOP('',(#398));
#398 = ORIENTED_EDGE('',*,*,#399,.T.);
#399 = EDGE_CURVE('',#400,#400,#402,.T.);
#400 = VERTEX_POINT('',#401);
#401 = CARTESIAN_POINT('',(-16.33905,-23.127707,0.));
#402 = CIRCLE('',#403,0.5);
#403 = AXIS2_PLACEMENT_3D('',#404,#405,#406);
#404 = CARTESIAN_POINT('',(-16.33905,-22.627707,0.));
#405 = DIRECTION('',(-0.,0.,-1.));
#406 = DIRECTION('',(-0.,-1.,0.));
#407 = FACE_BOUND('',#408,.F.);
#408 = EDGE_LOOP('',(#409));
#409 = ORIENTED_EDGE('',*,*,#410,.T.);
#410 = EDGE_CURVE('',#411,#411,#413,.T.);
#411 = VERTEX_POINT('',#412);
#412 = CARTESIAN_POINT('',(-16.33905,-20.587707,0.));
#413 = CIRCLE('',#414,0.5);
#414 = AXIS2_PLACEMENT_3D('',#415,#416,#417);
#415 = CARTESIAN_POINT('',(-16.33905,-20.087707,0.));
#416 = DIRECTION('',(-0.,0.,-1.));
#417 = DIRECTION('',(-0.,-1.,0.));
#418 = FACE_BOUND('',#419,.F.);
#419 = EDGE_LOOP('',(#420));
#420 = ORIENTED_EDGE('',*,*,#421,.T.);
#421 = EDGE_CURVE('',#422,#422,#424,.T.);
#422 = VERTEX_POINT('',#423);
#423 = CARTESIAN_POINT('',(-15.83905,-27.362707,0.));
#424 = CIRCLE('',#425,0.5);
#425 = AXIS2_PLACEMENT_3D('',#426,#427,#428);
#426 = CARTESIAN_POINT('',(-15.83905,-26.862707,0.));
#427 = DIRECTION('',(-0.,0.,-1.));
#428 = DIRECTION('',(-0.,-1.,0.));
#429 = FACE_BOUND('',#430,.F.);
#430 = EDGE_LOOP('',(#431));
#431 = ORIENTED_EDGE('',*,*,#432,.T.);
#432 = EDGE_CURVE('',#433,#433,#435,.T.);
#433 = VERTEX_POINT('',#434);
#434 = CARTESIAN_POINT('',(-3.45905,-26.862707,0.));
#435 = CIRCLE('',#436,0.5);
#436 = AXIS2_PLACEMENT_3D('',#437,#438,#439);
#437 = CARTESIAN_POINT('',(-3.45905,-26.362707,0.));
#438 = DIRECTION('',(-0.,0.,-1.));
#439 = DIRECTION('',(-0.,-1.,0.));
#440 = FACE_BOUND('',#441,.F.);
#441 = EDGE_LOOP('',(#442));
#442 = ORIENTED_EDGE('',*,*,#443,.T.);
#443 = EDGE_CURVE('',#444,#444,#446,.T.);
#444 = VERTEX_POINT('',#445);
#445 = CARTESIAN_POINT('',(-0.91905,-26.862707,0.));
#446 = CIRCLE('',#447,0.5);
#447 = AXIS2_PLACEMENT_3D('',#448,#449,#450);
#448 = CARTESIAN_POINT('',(-0.91905,-26.362707,0.));
#449 = DIRECTION('',(-0.,0.,-1.));
#450 = DIRECTION('',(-2.22044604925E-16,-1.,0.));
#451 = FACE_BOUND('',#452,.F.);
#452 = EDGE_LOOP('',(#453));
#453 = ORIENTED_EDGE('',*,*,#454,.T.);
#454 = EDGE_CURVE('',#455,#455,#457,.T.);
#455 = VERTEX_POINT('',#456);
#456 = CARTESIAN_POINT('',(-2.08905,-23.262707,0.));
#457 = CIRCLE('',#458,0.4);
#458 = AXIS2_PLACEMENT_3D('',#459,#460,#461);
#459 = CARTESIAN_POINT('',(-2.08905,-22.862707,0.));
#460 = DIRECTION('',(-0.,0.,-1.));
#461 = DIRECTION('',(1.110223024625E-15,-1.,-0.));
#462 = FACE_BOUND('',#463,.F.);
#463 = EDGE_LOOP('',(#464));
#464 = ORIENTED_EDGE('',*,*,#465,.T.);
#465 = EDGE_CURVE('',#466,#466,#468,.T.);
#466 = VERTEX_POINT('',#467);
#467 = CARTESIAN_POINT('',(-16.33905,-15.752707,0.));
#468 = CIRCLE('',#469,0.35);
#469 = AXIS2_PLACEMENT_3D('',#470,#471,#472);
#470 = CARTESIAN_POINT('',(-16.33905,-15.402707,0.));
#471 = DIRECTION('',(-0.,0.,-1.));
#472 = DIRECTION('',(-0.,-1.,0.));
#473 = FACE_BOUND('',#474,.F.);
#474 = EDGE_LOOP('',(#475));
#475 = ORIENTED_EDGE('',*,*,#476,.T.);
#476 = EDGE_CURVE('',#477,#477,#479,.T.);
#477 = VERTEX_POINT('',#478);
#478 = CARTESIAN_POINT('',(-16.33905,-10.672707,0.));
#479 = CIRCLE('',#480,0.35);
#480 = AXIS2_PLACEMENT_3D('',#481,#482,#483);
#481 = CARTESIAN_POINT('',(-16.33905,-10.322707,0.));
#482 = DIRECTION('',(-0.,0.,-1.));
#483 = DIRECTION('',(-0.,-1.,0.));
#484 = FACE_BOUND('',#485,.F.);
#485 = EDGE_LOOP('',(#486));
#486 = ORIENTED_EDGE('',*,*,#487,.T.);
#487 = EDGE_CURVE('',#488,#488,#490,.T.);
#488 = VERTEX_POINT('',#489);
#489 = CARTESIAN_POINT('',(-11.33905,-15.752707,0.));
#490 = CIRCLE('',#491,0.35);
#491 = AXIS2_PLACEMENT_3D('',#492,#493,#494);
#492 = CARTESIAN_POINT('',(-11.33905,-15.402707,0.));
#493 = DIRECTION('',(-0.,0.,-1.));
#494 = DIRECTION('',(-0.,-1.,0.));
#495 = FACE_BOUND('',#496,.F.);
#496 = EDGE_LOOP('',(#497));
#497 = ORIENTED_EDGE('',*,*,#498,.T.);
#498 = EDGE_CURVE('',#499,#499,#501,.T.);
#499 = VERTEX_POINT('',#500);
#500 = CARTESIAN_POINT('',(-11.33905,-10.672707,0.));
#501 = CIRCLE('',#502,0.35);
#502 = AXIS2_PLACEMENT_3D('',#503,#504,#505);
#503 = CARTESIAN_POINT('',(-11.33905,-10.322707,0.));
#504 = DIRECTION('',(-0.,0.,-1.));
#505 = DIRECTION('',(-0.,-1.,0.));
#506 = FACE_BOUND('',#507,.F.);
#507 = EDGE_LOOP('',(#508));
#508 = ORIENTED_EDGE('',*,*,#509,.T.);
#509 = EDGE_CURVE('',#510,#510,#512,.T.);
#510 = VERTEX_POINT('',#511);
#511 = CARTESIAN_POINT('',(-20.33905,-3.462707,0.));
#512 = CIRCLE('',#513,1.1);
#513 = AXIS2_PLACEMENT_3D('',#514,#515,#516);
#514 = CARTESIAN_POINT('',(-20.33905,-2.362707,0.));
#515 = DIRECTION('',(-0.,0.,-1.));
#516 = DIRECTION('',(-0.,-1.,0.));
#517 = FACE_BOUND('',#518,.F.);
#518 = EDGE_LOOP('',(#519));
#519 = ORIENTED_EDGE('',*,*,#520,.T.);
#520 = EDGE_CURVE('',#521,#521,#523,.T.);
#521 = VERTEX_POINT('',#522);
#522 = CARTESIAN_POINT('',(-2.87905,-15.712707,0.));
#523 = CIRCLE('',#524,0.35);
#524 = AXIS2_PLACEMENT_3D('',#525,#526,#527);
#525 = CARTESIAN_POINT('',(-2.87905,-15.362707,0.));
#526 = DIRECTION('',(-0.,0.,-1.));
#527 = DIRECTION('',(-0.,-1.,0.));
#528 = FACE_BOUND('',#529,.F.);
#529 = EDGE_LOOP('',(#530));
#530 = ORIENTED_EDGE('',*,*,#531,.T.);
#531 = EDGE_CURVE('',#532,#532,#534,.T.);
#532 = VERTEX_POINT('',#533);
#533 = CARTESIAN_POINT('',(-2.87905,-12.212707,0.));
#534 = CIRCLE('',#535,0.35);
#535 = AXIS2_PLACEMENT_3D('',#536,#537,#538);
#536 = CARTESIAN_POINT('',(-2.87905,-11.862707,0.));
#537 = DIRECTION('',(-0.,0.,-1.));
#538 = DIRECTION('',(-0.,-1.,0.));
#539 = FACE_BOUND('',#540,.F.);
#540 = EDGE_LOOP('',(#541));
#541 = ORIENTED_EDGE('',*,*,#542,.T.);
#542 = EDGE_CURVE('',#543,#543,#545,.T.);
#543 = VERTEX_POINT('',#544);
#544 = CARTESIAN_POINT('',(-3.144202,-7.987671,0.));
#545 = CIRCLE('',#546,0.5);
#546 = AXIS2_PLACEMENT_3D('',#547,#548,#549);
#547 = CARTESIAN_POINT('',(-3.144202,-7.487671,0.));
#548 = DIRECTION('',(-0.,0.,-1.));
#549 = DIRECTION('',(-0.,-1.,0.));
#550 = FACE_BOUND('',#551,.F.);
#551 = EDGE_LOOP('',(#552));
#552 = ORIENTED_EDGE('',*,*,#553,.T.);
#553 = EDGE_CURVE('',#554,#554,#556,.T.);
#554 = VERTEX_POINT('',#555);
#555 = CARTESIAN_POINT('',(-0.604202,-7.987671,0.));
#556 = CIRCLE('',#557,0.5);
#557 = AXIS2_PLACEMENT_3D('',#558,#559,#560);
#558 = CARTESIAN_POINT('',(-0.604202,-7.487671,0.));
#559 = DIRECTION('',(-0.,0.,-1.));
#560 = DIRECTION('',(-2.22044604925E-16,-1.,0.));
#561 = FACE_BOUND('',#562,.F.);
#562 = EDGE_LOOP('',(#563));
#563 = ORIENTED_EDGE('',*,*,#564,.T.);
#564 = EDGE_CURVE('',#565,#565,#567,.T.);
#565 = VERTEX_POINT('',#566);
#566 = CARTESIAN_POINT('',(1.62095,-26.862707,0.));
#567 = CIRCLE('',#568,0.5);
#568 = AXIS2_PLACEMENT_3D('',#569,#570,#571);
#569 = CARTESIAN_POINT('',(1.62095,-26.362707,0.));
#570 = DIRECTION('',(-0.,0.,-1.));
#571 = DIRECTION('',(-4.440892098501E-16,-1.,0.));
#572 = FACE_BOUND('',#573,.F.);
#573 = EDGE_LOOP('',(#574));
#574 = ORIENTED_EDGE('',*,*,#575,.T.);
#575 = EDGE_CURVE('',#576,#576,#578,.T.);
#576 = VERTEX_POINT('',#577);
#577 = CARTESIAN_POINT('',(0.41095,-23.262707,0.));
#578 = CIRCLE('',#579,0.4);
#579 = AXIS2_PLACEMENT_3D('',#580,#581,#582);
#580 = CARTESIAN_POINT('',(0.41095,-22.862707,0.));
#581 = DIRECTION('',(-0.,0.,-1.));
#582 = DIRECTION('',(1.387778780781E-16,-1.,-0.));
#583 = FACE_BOUND('',#584,.F.);
#584 = EDGE_LOOP('',(#585));
#585 = ORIENTED_EDGE('',*,*,#586,.T.);
#586 = EDGE_CURVE('',#587,#587,#589,.T.);
#587 = VERTEX_POINT('',#588);
#588 = CARTESIAN_POINT('',(4.16095,-26.862707,0.));
#589 = CIRCLE('',#590,0.5);
#590 = AXIS2_PLACEMENT_3D('',#591,#592,#593);
#591 = CARTESIAN_POINT('',(4.16095,-26.362707,0.));
#592 = DIRECTION('',(-0.,0.,-1.));
#593 = DIRECTION('',(-0.,-1.,0.));
#594 = FACE_BOUND('',#595,.F.);
#595 = EDGE_LOOP('',(#596));
#596 = ORIENTED_EDGE('',*,*,#597,.T.);
#597 = EDGE_CURVE('',#598,#598,#600,.T.);
#598 = VERTEX_POINT('',#599);
#599 = CARTESIAN_POINT('',(20.16095,-35.962707,0.));
#600 = CIRCLE('',#601,1.1);
#601 = AXIS2_PLACEMENT_3D('',#602,#603,#604);
#602 = CARTESIAN_POINT('',(20.16095,-34.862707,0.));
#603 = DIRECTION('',(-0.,0.,-1.));
#604 = DIRECTION('',(-0.,-1.,0.));
#605 = FACE_BOUND('',#606,.F.);
#606 = EDGE_LOOP('',(#607));
#607 = ORIENTED_EDGE('',*,*,#608,.T.);
#608 = EDGE_CURVE('',#609,#609,#611,.T.);
#609 = VERTEX_POINT('',#610);
#610 = CARTESIAN_POINT('',(12.16095,-18.262707,0.));
#611 = CIRCLE('',#612,0.4);
#612 = AXIS2_PLACEMENT_3D('',#613,#614,#615);
#613 = CARTESIAN_POINT('',(12.16095,-17.862707,0.));
#614 = DIRECTION('',(-0.,0.,-1.));
#615 = DIRECTION('',(-0.,-1.,0.));
#616 = FACE_BOUND('',#617,.F.);
#617 = EDGE_LOOP('',(#618));
#618 = ORIENTED_EDGE('',*,*,#619,.T.);
#619 = EDGE_CURVE('',#620,#620,#622,.T.);
#620 = VERTEX_POINT('',#621);
#621 = CARTESIAN_POINT('',(15.66095,-18.262707,0.));
#622 = CIRCLE('',#623,0.4);
#623 = AXIS2_PLACEMENT_3D('',#624,#625,#626);
#624 = CARTESIAN_POINT('',(15.66095,-17.862707,0.));
#625 = DIRECTION('',(-0.,0.,-1.));
#626 = DIRECTION('',(-0.,-1.,0.));
#627 = FACE_BOUND('',#628,.F.);
#628 = EDGE_LOOP('',(#629));
#629 = ORIENTED_EDGE('',*,*,#630,.T.);
#630 = EDGE_CURVE('',#631,#631,#633,.T.);
#631 = VERTEX_POINT('',#632);
#632 = CARTESIAN_POINT('',(21.66095,-22.902707,0.));
#633 = CIRCLE('',#634,0.5);
#634 = AXIS2_PLACEMENT_3D('',#635,#636,#637);
#635 = CARTESIAN_POINT('',(21.66095,-22.402707,0.));
#636 = DIRECTION('',(-0.,0.,-1.));
#637 = DIRECTION('',(-0.,-1.,0.));
#638 = FACE_BOUND('',#639,.F.);
#639 = EDGE_LOOP('',(#640));
#640 = ORIENTED_EDGE('',*,*,#641,.T.);
#641 = EDGE_CURVE('',#642,#642,#644,.T.);
#642 = VERTEX_POINT('',#643);
#643 = CARTESIAN_POINT('',(21.66095,-20.362707,0.));
#644 = CIRCLE('',#645,0.5);
#645 = AXIS2_PLACEMENT_3D('',#646,#647,#648);
#646 = CARTESIAN_POINT('',(21.66095,-19.862707,0.));
#647 = DIRECTION('',(-0.,0.,-1.));
#648 = DIRECTION('',(-0.,-1.,0.));
#649 = FACE_BOUND('',#650,.F.);
#650 = EDGE_LOOP('',(#651));
#651 = ORIENTED_EDGE('',*,*,#652,.T.);
#652 = EDGE_CURVE('',#653,#653,#655,.T.);
#653 = VERTEX_POINT('',#654);
#654 = CARTESIAN_POINT('',(2.20095,-15.712707,0.));
#655 = CIRCLE('',#656,0.35);
#656 = AXIS2_PLACEMENT_3D('',#657,#658,#659);
#657 = CARTESIAN_POINT('',(2.20095,-15.362707,0.));
#658 = DIRECTION('',(-0.,0.,-1.));
#659 = DIRECTION('',(1.268826313857E-15,-1.,-0.));
#660 = FACE_BOUND('',#661,.F.);
#661 = EDGE_LOOP('',(#662));
#662 = ORIENTED_EDGE('',*,*,#663,.T.);
#663 = EDGE_CURVE('',#664,#664,#666,.T.);
#664 = VERTEX_POINT('',#665);
#665 = CARTESIAN_POINT('',(2.20095,-12.212707,0.));
#666 = CIRCLE('',#667,0.35);
#667 = AXIS2_PLACEMENT_3D('',#668,#669,#670);
#668 = CARTESIAN_POINT('',(2.20095,-11.862707,0.));
#669 = DIRECTION('',(-0.,0.,-1.));
#670 = DIRECTION('',(1.268826313857E-15,-1.,-0.));
#671 = FACE_BOUND('',#672,.F.);
#672 = EDGE_LOOP('',(#673));
#673 = ORIENTED_EDGE('',*,*,#674,.T.);
#674 = EDGE_CURVE('',#675,#675,#677,.T.);
#675 = VERTEX_POINT('',#676);
#676 = CARTESIAN_POINT('',(1.935798,-7.987671,0.));
#677 = CIRCLE('',#678,0.5);
#678 = AXIS2_PLACEMENT_3D('',#679,#680,#681);
#679 = CARTESIAN_POINT('',(1.935798,-7.487671,0.));
#680 = DIRECTION('',(-0.,0.,-1.));
#681 = DIRECTION('',(-4.440892098501E-16,-1.,0.));
#682 = FACE_BOUND('',#683,.F.);
#683 = EDGE_LOOP('',(#684));
#684 = ORIENTED_EDGE('',*,*,#685,.T.);
#685 = EDGE_CURVE('',#686,#686,#688,.T.);
#686 = VERTEX_POINT('',#687);
#687 = CARTESIAN_POINT('',(4.475798,-7.987671,0.));
#688 = CIRCLE('',#689,0.5);
#689 = AXIS2_PLACEMENT_3D('',#690,#691,#692);
#690 = CARTESIAN_POINT('',(4.475798,-7.487671,0.));
#691 = DIRECTION('',(-0.,0.,-1.));
#692 = DIRECTION('',(-0.,-1.,0.));
#693 = FACE_BOUND('',#694,.F.);
#694 = EDGE_LOOP('',(#695));
#695 = ORIENTED_EDGE('',*,*,#696,.T.);
#696 = EDGE_CURVE('',#697,#697,#699,.T.);
#697 = VERTEX_POINT('',#698);
#698 = CARTESIAN_POINT('',(-20.83905,6.057293,0.));
#699 = CIRCLE('',#700,0.5);
#700 = AXIS2_PLACEMENT_3D('',#701,#702,#703);
#701 = CARTESIAN_POINT('',(-20.83905,6.557293,0.));
#702 = DIRECTION('',(-0.,0.,-1.));
#703 = DIRECTION('',(-0.,-1.,0.));
#704 = FACE_BOUND('',#705,.F.);
#705 = EDGE_LOOP('',(#706));
#706 = ORIENTED_EDGE('',*,*,#707,.T.);
#707 = EDGE_CURVE('',#708,#708,#710,.T.);
#708 = VERTEX_POINT('',#709);
#709 = CARTESIAN_POINT('',(-20.83905,8.597293,0.));
#710 = CIRCLE('',#711,0.5);
#711 = AXIS2_PLACEMENT_3D('',#712,#713,#714);
#712 = CARTESIAN_POINT('',(-20.83905,9.097293,0.));
#713 = DIRECTION('',(-0.,0.,-1.));
#714 = DIRECTION('',(-0.,-1.,0.));
#715 = FACE_BOUND('',#716,.F.);
#716 = EDGE_LOOP('',(#717));
#717 = ORIENTED_EDGE('',*,*,#718,.T.);
#718 = EDGE_CURVE('',#719,#719,#721,.T.);
#719 = VERTEX_POINT('',#720);
#720 = CARTESIAN_POINT('',(-11.33905,0.247293,0.));
#721 = CIRCLE('',#722,0.35);
#722 = AXIS2_PLACEMENT_3D('',#723,#724,#725);
#723 = CARTESIAN_POINT('',(-11.33905,0.597293,0.));
#724 = DIRECTION('',(-0.,0.,-1.));
#725 = DIRECTION('',(-0.,-1.,0.));
#726 = FACE_BOUND('',#727,.F.);
#727 = EDGE_LOOP('',(#728));
#728 = ORIENTED_EDGE('',*,*,#729,.T.);
#729 = EDGE_CURVE('',#730,#730,#732,.T.);
#730 = VERTEX_POINT('',#731);
#731 = CARTESIAN_POINT('',(-11.33905,5.327293,0.));
#732 = CIRCLE('',#733,0.35);
#733 = AXIS2_PLACEMENT_3D('',#734,#735,#736);
#734 = CARTESIAN_POINT('',(-11.33905,5.677293,0.));
#735 = DIRECTION('',(-0.,0.,-1.));
#736 = DIRECTION('',(-0.,-1.,0.));
#737 = FACE_BOUND('',#738,.F.);
#738 = EDGE_LOOP('',(#739));
#739 = ORIENTED_EDGE('',*,*,#740,.T.);
#740 = EDGE_CURVE('',#741,#741,#743,.T.);
#741 = VERTEX_POINT('',#742);
#742 = CARTESIAN_POINT('',(-20.83905,11.137293,0.));
#743 = CIRCLE('',#744,0.5);
#744 = AXIS2_PLACEMENT_3D('',#745,#746,#747);
#745 = CARTESIAN_POINT('',(-20.83905,11.637293,0.));
#746 = DIRECTION('',(-0.,0.,-1.));
#747 = DIRECTION('',(-0.,-1.,0.));
#748 = FACE_BOUND('',#749,.F.);
#749 = EDGE_LOOP('',(#750));
#750 = ORIENTED_EDGE('',*,*,#751,.T.);
#751 = EDGE_CURVE('',#752,#752,#754,.T.);
#752 = VERTEX_POINT('',#753);
#753 = CARTESIAN_POINT('',(-20.83905,13.677293,0.));
#754 = CIRCLE('',#755,0.5);
#755 = AXIS2_PLACEMENT_3D('',#756,#757,#758);
#756 = CARTESIAN_POINT('',(-20.83905,14.177293,0.));
#757 = DIRECTION('',(-0.,0.,-1.));
#758 = DIRECTION('',(-0.,-1.,0.));
#759 = FACE_BOUND('',#760,.F.);
#760 = EDGE_LOOP('',(#761));
#761 = ORIENTED_EDGE('',*,*,#762,.T.);
#762 = EDGE_CURVE('',#763,#763,#765,.T.);
#763 = VERTEX_POINT('',#764);
#764 = CARTESIAN_POINT('',(-20.83905,16.217293,0.));
#765 = CIRCLE('',#766,0.5);
#766 = AXIS2_PLACEMENT_3D('',#767,#768,#769);
#767 = CARTESIAN_POINT('',(-20.83905,16.717293,0.));
#768 = DIRECTION('',(-0.,0.,-1.));
#769 = DIRECTION('',(-0.,-1.,0.));
#770 = FACE_BOUND('',#771,.F.);
#771 = EDGE_LOOP('',(#772));
#772 = ORIENTED_EDGE('',*,*,#773,.T.);
#773 = EDGE_CURVE('',#774,#774,#776,.T.);
#774 = VERTEX_POINT('',#775);
#775 = CARTESIAN_POINT('',(-7.33905,0.247293,0.));
#776 = CIRCLE('',#777,0.35);
#777 = AXIS2_PLACEMENT_3D('',#778,#779,#780);
#778 = CARTESIAN_POINT('',(-7.33905,0.597293,0.));
#779 = DIRECTION('',(-0.,0.,-1.));
#780 = DIRECTION('',(-0.,-1.,0.));
#781 = FACE_BOUND('',#782,.F.);
#782 = EDGE_LOOP('',(#783));
#783 = ORIENTED_EDGE('',*,*,#784,.T.);
#784 = EDGE_CURVE('',#785,#785,#787,.T.);
#785 = VERTEX_POINT('',#786);
#786 = CARTESIAN_POINT('',(-7.33905,5.327293,0.));
#787 = CIRCLE('',#788,0.35);
#788 = AXIS2_PLACEMENT_3D('',#789,#790,#791);
#789 = CARTESIAN_POINT('',(-7.33905,5.677293,0.));
#790 = DIRECTION('',(-0.,0.,-1.));
#791 = DIRECTION('',(-0.,-1.,0.));
#792 = FACE_BOUND('',#793,.F.);
#793 = EDGE_LOOP('',(#794));
#794 = ORIENTED_EDGE('',*,*,#795,.T.);
#795 = EDGE_CURVE('',#796,#796,#798,.T.);
#796 = VERTEX_POINT('',#797);
#797 = CARTESIAN_POINT('',(-3.20255,5.241793,0.));
#798 = CIRCLE('',#799,0.5);
#799 = AXIS2_PLACEMENT_3D('',#800,#801,#802);
#800 = CARTESIAN_POINT('',(-3.20255,5.741793,0.));
#801 = DIRECTION('',(-0.,0.,-1.));
#802 = DIRECTION('',(-0.,-1.,0.));
#803 = FACE_BOUND('',#804,.F.);
#804 = EDGE_LOOP('',(#805));
#805 = ORIENTED_EDGE('',*,*,#806,.T.);
#806 = EDGE_CURVE('',#807,#807,#809,.T.);
#807 = VERTEX_POINT('',#808);
#808 = CARTESIAN_POINT('',(-0.66255,5.241793,0.));
#809 = CIRCLE('',#810,0.5);
#810 = AXIS2_PLACEMENT_3D('',#811,#812,#813);
#811 = CARTESIAN_POINT('',(-0.66255,5.741793,0.));
#812 = DIRECTION('',(-0.,0.,-1.));
#813 = DIRECTION('',(-0.,-1.,0.));
#814 = FACE_BOUND('',#815,.F.);
#815 = EDGE_LOOP('',(#816));
#816 = ORIENTED_EDGE('',*,*,#817,.T.);
#817 = EDGE_CURVE('',#818,#818,#820,.T.);
#818 = VERTEX_POINT('',#819);
#819 = CARTESIAN_POINT('',(-7.08905,13.737293,0.));
#820 = CIRCLE('',#821,0.4);
#821 = AXIS2_PLACEMENT_3D('',#822,#823,#824);
#822 = CARTESIAN_POINT('',(-7.08905,14.137293,0.));
#823 = DIRECTION('',(-0.,0.,-1.));
#824 = DIRECTION('',(-0.,-1.,0.));
#825 = FACE_BOUND('',#826,.F.);
#826 = EDGE_LOOP('',(#827));
#827 = ORIENTED_EDGE('',*,*,#828,.T.);
#828 = EDGE_CURVE('',#829,#829,#831,.T.);
#829 = VERTEX_POINT('',#830);
#830 = CARTESIAN_POINT('',(-5.95905,17.137293,0.));
#831 = CIRCLE('',#832,0.5);
#832 = AXIS2_PLACEMENT_3D('',#833,#834,#835);
#833 = CARTESIAN_POINT('',(-5.95905,17.637293,0.));
#834 = DIRECTION('',(-0.,0.,-1.));
#835 = DIRECTION('',(-0.,-1.,0.));
#836 = FACE_BOUND('',#837,.F.);
#837 = EDGE_LOOP('',(#838));
#838 = ORIENTED_EDGE('',*,*,#839,.T.);
#839 = EDGE_CURVE('',#840,#840,#842,.T.);
#840 = VERTEX_POINT('',#841);
#841 = CARTESIAN_POINT('',(-4.58905,13.737293,0.));
#842 = CIRCLE('',#843,0.4);
#843 = AXIS2_PLACEMENT_3D('',#844,#845,#846);
#844 = CARTESIAN_POINT('',(-4.58905,14.137293,0.));
#845 = DIRECTION('',(-0.,0.,-1.));
#846 = DIRECTION('',(-0.,-1.,0.));
#847 = FACE_BOUND('',#848,.F.);
#848 = EDGE_LOOP('',(#849));
#849 = ORIENTED_EDGE('',*,*,#850,.T.);
#850 = EDGE_CURVE('',#851,#851,#853,.T.);
#851 = VERTEX_POINT('',#852);
#852 = CARTESIAN_POINT('',(-3.41905,17.137293,0.));
#853 = CIRCLE('',#854,0.5);
#854 = AXIS2_PLACEMENT_3D('',#855,#856,#857);
#855 = CARTESIAN_POINT('',(-3.41905,17.637293,0.));
#856 = DIRECTION('',(-0.,0.,-1.));
#857 = DIRECTION('',(-0.,-1.,0.));
#858 = FACE_BOUND('',#859,.F.);
#859 = EDGE_LOOP('',(#860));
#860 = ORIENTED_EDGE('',*,*,#861,.T.);
#861 = EDGE_CURVE('',#862,#862,#864,.T.);
#862 = VERTEX_POINT('',#863);
#863 = CARTESIAN_POINT('',(-0.87905,17.137293,0.));
#864 = CIRCLE('',#865,0.5);
#865 = AXIS2_PLACEMENT_3D('',#866,#867,#868);
#866 = CARTESIAN_POINT('',(-0.87905,17.637293,0.));
#867 = DIRECTION('',(-0.,0.,-1.));
#868 = DIRECTION('',(2.22044604925E-16,-1.,-0.));
#869 = FACE_BOUND('',#870,.F.);
#870 = EDGE_LOOP('',(#871));
#871 = ORIENTED_EDGE('',*,*,#872,.T.);
#872 = EDGE_CURVE('',#873,#873,#875,.T.);
#873 = VERTEX_POINT('',#874);
#874 = CARTESIAN_POINT('',(1.87745,5.241793,0.));
#875 = CIRCLE('',#876,0.5);
#876 = AXIS2_PLACEMENT_3D('',#877,#878,#879);
#877 = CARTESIAN_POINT('',(1.87745,5.741793,0.));
#878 = DIRECTION('',(-0.,0.,-1.));
#879 = DIRECTION('',(-0.,-1.,0.));
#880 = FACE_BOUND('',#881,.F.);
#881 = EDGE_LOOP('',(#882));
#882 = ORIENTED_EDGE('',*,*,#883,.T.);
#883 = EDGE_CURVE('',#884,#884,#886,.T.);
#884 = VERTEX_POINT('',#885);
#885 = CARTESIAN_POINT('',(4.41745,5.241793,0.));
#886 = CIRCLE('',#887,0.5);
#887 = AXIS2_PLACEMENT_3D('',#888,#889,#890);
#888 = CARTESIAN_POINT('',(4.41745,5.741793,0.));
#889 = DIRECTION('',(-0.,0.,-1.));
#890 = DIRECTION('',(-0.,-1.,0.));
#891 = FACE_BOUND('',#892,.F.);
#892 = EDGE_LOOP('',(#893));
#893 = ORIENTED_EDGE('',*,*,#894,.T.);
#894 = EDGE_CURVE('',#895,#895,#897,.T.);
#895 = VERTEX_POINT('',#896);
#896 = CARTESIAN_POINT('',(1.66095,17.137293,0.));
#897 = CIRCLE('',#898,0.5);
#898 = AXIS2_PLACEMENT_3D('',#899,#900,#901);
#899 = CARTESIAN_POINT('',(1.66095,17.637293,0.));
#900 = DIRECTION('',(-0.,0.,-1.));
#901 = DIRECTION('',(-4.440892098501E-16,-1.,0.));
#902 = FACE_BOUND('',#903,.F.);
#903 = EDGE_LOOP('',(#904));
#904 = ORIENTED_EDGE('',*,*,#905,.T.);
#905 = EDGE_CURVE('',#906,#906,#908,.T.);
#906 = VERTEX_POINT('',#907);
#907 = CARTESIAN_POINT('',(4.20095,17.137293,0.));
#908 = CIRCLE('',#909,0.5);
#909 = AXIS2_PLACEMENT_3D('',#910,#911,#912);
#910 = CARTESIAN_POINT('',(4.20095,17.637293,0.));
#911 = DIRECTION('',(-0.,0.,-1.));
#912 = DIRECTION('',(-0.,-1.,0.));
#913 = FACE_BOUND('',#914,.F.);
#914 = EDGE_LOOP('',(#915));
#915 = ORIENTED_EDGE('',*,*,#916,.T.);
#916 = EDGE_CURVE('',#917,#917,#919,.T.);
#917 = VERTEX_POINT('',#918);
#918 = CARTESIAN_POINT('',(16.66095,8.557293,0.));
#919 = CIRCLE('',#920,0.5);
#920 = AXIS2_PLACEMENT_3D('',#921,#922,#923);
#921 = CARTESIAN_POINT('',(16.66095,9.057293,0.));
#922 = DIRECTION('',(-0.,0.,-1.));
#923 = DIRECTION('',(-0.,-1.,0.));
#924 = FACE_BOUND('',#925,.F.);
#925 = EDGE_LOOP('',(#926));
#926 = ORIENTED_EDGE('',*,*,#927,.T.);
#927 = EDGE_CURVE('',#928,#928,#930,.T.);
#928 = VERTEX_POINT('',#929);
#929 = CARTESIAN_POINT('',(20.66095,8.517293,0.));
#930 = CIRCLE('',#931,0.5);
#931 = AXIS2_PLACEMENT_3D('',#932,#933,#934);
#932 = CARTESIAN_POINT('',(20.66095,9.017293,0.));
#933 = DIRECTION('',(-0.,0.,-1.));
#934 = DIRECTION('',(-0.,-1.,0.));
#935 = FACE_BOUND('',#936,.F.);
#936 = EDGE_LOOP('',(#937));
#937 = ORIENTED_EDGE('',*,*,#938,.T.);
#938 = EDGE_CURVE('',#939,#939,#941,.T.);
#939 = VERTEX_POINT('',#940);
#940 = CARTESIAN_POINT('',(16.66095,11.097293,0.));
#941 = CIRCLE('',#942,0.5);
#942 = AXIS2_PLACEMENT_3D('',#943,#944,#945);
#943 = CARTESIAN_POINT('',(16.66095,11.597293,0.));
#944 = DIRECTION('',(-0.,0.,-1.));
#945 = DIRECTION('',(-0.,-1.,0.));
#946 = FACE_BOUND('',#947,.F.);
#947 = EDGE_LOOP('',(#948));
#948 = ORIENTED_EDGE('',*,*,#949,.T.);
#949 = EDGE_CURVE('',#950,#950,#952,.T.);
#950 = VERTEX_POINT('',#951);
#951 = CARTESIAN_POINT('',(16.66095,13.637293,0.));
#952 = CIRCLE('',#953,0.5);
#953 = AXIS2_PLACEMENT_3D('',#954,#955,#956);
#954 = CARTESIAN_POINT('',(16.66095,14.137293,0.));
#955 = DIRECTION('',(-0.,0.,-1.));
#956 = DIRECTION('',(-0.,-1.,0.));
#957 = FACE_BOUND('',#958,.F.);
#958 = EDGE_LOOP('',(#959));
#959 = ORIENTED_EDGE('',*,*,#960,.T.);
#960 = EDGE_CURVE('',#961,#961,#963,.T.);
#961 = VERTEX_POINT('',#962);
#962 = CARTESIAN_POINT('',(16.66095,16.177293,0.));
#963 = CIRCLE('',#964,0.5);
#964 = AXIS2_PLACEMENT_3D('',#965,#966,#967);
#965 = CARTESIAN_POINT('',(16.66095,16.677293,0.));
#966 = DIRECTION('',(-0.,0.,-1.));
#967 = DIRECTION('',(-0.,-1.,0.));
#968 = FACE_BOUND('',#969,.F.);
#969 = EDGE_LOOP('',(#970));
#970 = ORIENTED_EDGE('',*,*,#971,.T.);
#971 = EDGE_CURVE('',#972,#972,#974,.T.);
#972 = VERTEX_POINT('',#973);
#973 = CARTESIAN_POINT('',(20.66095,11.057293,0.));
#974 = CIRCLE('',#975,0.5);
#975 = AXIS2_PLACEMENT_3D('',#976,#977,#978);
#976 = CARTESIAN_POINT('',(20.66095,11.557293,0.));
#977 = DIRECTION('',(-0.,0.,-1.));
#978 = DIRECTION('',(-0.,-1.,0.));
#979 = FACE_BOUND('',#980,.F.);
#980 = EDGE_LOOP('',(#981));
#981 = ORIENTED_EDGE('',*,*,#982,.T.);
#982 = EDGE_CURVE('',#983,#983,#985,.T.);
#983 = VERTEX_POINT('',#984);
#984 = CARTESIAN_POINT('',(20.66095,13.597293,0.));
#985 = CIRCLE('',#986,0.5);
#986 = AXIS2_PLACEMENT_3D('',#987,#988,#989);
#987 = CARTESIAN_POINT('',(20.66095,14.097293,0.));
#988 = DIRECTION('',(-0.,0.,-1.));
#989 = DIRECTION('',(-0.,-1.,0.));
#990 = FACE_BOUND('',#991,.F.);
#991 = EDGE_LOOP('',(#992));
#992 = ORIENTED_EDGE('',*,*,#993,.T.);
#993 = EDGE_CURVE('',#994,#994,#996,.T.);
#994 = VERTEX_POINT('',#995);
#995 = CARTESIAN_POINT('',(20.66095,16.137293,0.));
#996 = CIRCLE('',#997,0.5);
#997 = AXIS2_PLACEMENT_3D('',#998,#999,#1000);
#998 = CARTESIAN_POINT('',(20.66095,16.637293,0.));
#999 = DIRECTION('',(-0.,0.,-1.));
#1000 = DIRECTION('',(-0.,-1.,0.));
#1001 = FACE_BOUND('',#1002,.F.);
#1002 = EDGE_LOOP('',(#1003));
#1003 = ORIENTED_EDGE('',*,*,#1004,.T.);
#1004 = EDGE_CURVE('',#1005,#1005,#1007,.T.);
#1005 = VERTEX_POINT('',#1006);
#1006 = CARTESIAN_POINT('',(4.58095,35.637293,0.));
#1007 = CIRCLE('',#1008,0.5);
#1008 = AXIS2_PLACEMENT_3D('',#1009,#1010,#1011);
#1009 = CARTESIAN_POINT('',(4.58095,36.137293,0.));
#1010 = DIRECTION('',(-0.,0.,-1.));
#1011 = DIRECTION('',(-0.,-1.,0.));
#1012 = FACE_BOUND('',#1013,.F.);
#1013 = EDGE_LOOP('',(#1014));
#1014 = ORIENTED_EDGE('',*,*,#1015,.T.);
#1015 = EDGE_CURVE('',#1016,#1016,#1018,.T.);
#1016 = VERTEX_POINT('',#1017);
#1017 = CARTESIAN_POINT('',(7.12095,35.637293,0.));
#1018 = CIRCLE('',#1019,0.5);
#1019 = AXIS2_PLACEMENT_3D('',#1020,#1021,#1022);
#1020 = CARTESIAN_POINT('',(7.12095,36.137293,0.));
#1021 = DIRECTION('',(-0.,0.,-1.));
#1022 = DIRECTION('',(-0.,-1.,0.));
#1023 = FACE_BOUND('',#1024,.F.);
#1024 = EDGE_LOOP('',(#1025));
#1025 = ORIENTED_EDGE('',*,*,#1026,.T.);
#1026 = EDGE_CURVE('',#1027,#1027,#1029,.T.);
#1027 = VERTEX_POINT('',#1028);
#1028 = CARTESIAN_POINT('',(9.66095,35.637293,0.));
#1029 = CIRCLE('',#1030,0.5);
#1030 = AXIS2_PLACEMENT_3D('',#1031,#1032,#1033);
#1031 = CARTESIAN_POINT('',(9.66095,36.137293,0.));
#1032 = DIRECTION('',(-0.,0.,-1.));
#1033 = DIRECTION('',(-0.,-1.,0.));
#1034 = FACE_BOUND('',#1035,.F.);
#1035 = EDGE_LOOP('',(#1036));
#1036 = ORIENTED_EDGE('',*,*,#1037,.T.);
#1037 = EDGE_CURVE('',#1038,#1038,#1040,.T.);
#1038 = VERTEX_POINT('',#1039);
#1039 = CARTESIAN_POINT('',(16.66095,21.247293,0.));
#1040 = CIRCLE('',#1041,0.35);
#1041 = AXIS2_PLACEMENT_3D('',#1042,#1043,#1044);
#1042 = CARTESIAN_POINT('',(16.66095,21.597293,0.));
#1043 = DIRECTION('',(-0.,0.,-1.));
#1044 = DIRECTION('',(-0.,-1.,0.));
#1045 = FACE_BOUND('',#1046,.F.);
#1046 = EDGE_LOOP('',(#1047));
#1047 = ORIENTED_EDGE('',*,*,#1048,.T.);
#1048 = EDGE_CURVE('',#1049,#1049,#1051,.T.);
#1049 = VERTEX_POINT('',#1050);
#1050 = CARTESIAN_POINT('',(16.66095,26.327293,0.));
#1051 = CIRCLE('',#1052,0.35);
#1052 = AXIS2_PLACEMENT_3D('',#1053,#1054,#1055);
#1053 = CARTESIAN_POINT('',(16.66095,26.677293,0.));
#1054 = DIRECTION('',(-0.,0.,-1.));
#1055 = DIRECTION('',(-0.,-1.,0.));
#1056 = FACE_BOUND('',#1057,.F.);
#1057 = EDGE_LOOP('',(#1058));
#1058 = ORIENTED_EDGE('',*,*,#1059,.T.);
#1059 = EDGE_CURVE('',#1060,#1060,#1062,.T.);
#1060 = VERTEX_POINT('',#1061);
#1061 = CARTESIAN_POINT('',(20.66095,25.362293,0.));
#1062 = CIRCLE('',#1063,0.5);
#1063 = AXIS2_PLACEMENT_3D('',#1064,#1065,#1066);
#1064 = CARTESIAN_POINT('',(20.66095,25.862293,0.));
#1065 = DIRECTION('',(-0.,0.,-1.));
#1066 = DIRECTION('',(-0.,-1.,0.));
#1067 = FACE_BOUND('',#1068,.F.);
#1068 = EDGE_LOOP('',(#1069));
#1069 = ORIENTED_EDGE('',*,*,#1070,.T.);
#1070 = EDGE_CURVE('',#1071,#1071,#1073,.T.);
#1071 = VERTEX_POINT('',#1072);
#1072 = CARTESIAN_POINT('',(13.16095,29.537293,0.));
#1073 = CIRCLE('',#1074,1.1);
#1074 = AXIS2_PLACEMENT_3D('',#1075,#1076,#1077);
#1075 = CARTESIAN_POINT('',(13.16095,30.637293,0.));
#1076 = DIRECTION('',(-0.,0.,-1.));
#1077 = DIRECTION('',(-0.,-1.,0.));
#1078 = FACE_BOUND('',#1079,.F.);
#1079 = EDGE_LOOP('',(#1080));
#1080 = ORIENTED_EDGE('',*,*,#1081,.T.);
#1081 = EDGE_CURVE('',#1082,#1082,#1084,.T.);
#1082 = VERTEX_POINT('',#1083);
#1083 = CARTESIAN_POINT('',(12.20095,35.637293,0.));
#1084 = CIRCLE('',#1085,0.5);
#1085 = AXIS2_PLACEMENT_3D('',#1086,#1087,#1088);
#1086 = CARTESIAN_POINT('',(12.20095,36.137293,0.));
#1087 = DIRECTION('',(-0.,0.,-1.));
#1088 = DIRECTION('',(-0.,-1.,0.));
#1089 = FACE_BOUND('',#1090,.F.);
#1090 = EDGE_LOOP('',(#1091));
#1091 = ORIENTED_EDGE('',*,*,#1092,.T.);
#1092 = EDGE_CURVE('',#1093,#1093,#1095,.T.);
#1093 = VERTEX_POINT('',#1094);
#1094 = CARTESIAN_POINT('',(14.74095,35.637293,0.));
#1095 = CIRCLE('',#1096,0.5);
#1096 = AXIS2_PLACEMENT_3D('',#1097,#1098,#1099);
#1097 = CARTESIAN_POINT('',(14.74095,36.137293,0.));
#1098 = DIRECTION('',(-0.,0.,-1.));
#1099 = DIRECTION('',(-0.,-1.,0.));
#1100 = FACE_BOUND('',#1101,.F.);
#1101 = EDGE_LOOP('',(#1102));
#1102 = ORIENTED_EDGE('',*,*,#1103,.T.);
#1103 = EDGE_CURVE('',#1104,#1104,#1106,.T.);
#1104 = VERTEX_POINT('',#1105);
#1105 = CARTESIAN_POINT('',(20.66095,27.902293,0.));
#1106 = CIRCLE('',#1107,0.5);
#1107 = AXIS2_PLACEMENT_3D('',#1108,#1109,#1110);
#1108 = CARTESIAN_POINT('',(20.66095,28.402293,0.));
#1109 = DIRECTION('',(-0.,0.,-1.));
#1110 = DIRECTION('',(-0.,-1.,0.));
#1111 = FACE_BOUND('',#1112,.F.);
#1112 = EDGE_LOOP('',(#1113));
#1113 = ORIENTED_EDGE('',*,*,#1114,.T.);
#1114 = EDGE_CURVE('',#1115,#1115,#1117,.T.);
#1115 = VERTEX_POINT('',#1116);
#1116 = CARTESIAN_POINT('',(17.28095,35.637293,0.));
#1117 = CIRCLE('',#1118,0.5);
#1118 = AXIS2_PLACEMENT_3D('',#1119,#1120,#1121);
#1119 = CARTESIAN_POINT('',(17.28095,36.137293,0.));
#1120 = DIRECTION('',(-0.,0.,-1.));
#1121 = DIRECTION('',(-0.,-1.,0.));
#1122 = PLANE('',#1123);
#1123 = AXIS2_PLACEMENT_3D('',#1124,#1125,#1126);
#1124 = CARTESIAN_POINT('',(0.,0.,0.));
#1125 = DIRECTION('',(0.,0.,1.));
#1126 = DIRECTION('',(1.,0.,-0.));
#1127 = ADVANCED_FACE('',(#1128,#1362,#1373,#1384,#1395,#1406,#1417,
    #1428,#1439,#1450,#1461,#1472,#1483,#1494,#1505,#1516,#1527,#1538,
    #1549,#1560,#1571,#1582,#1593,#1604,#1615,#1626,#1637,#1648,#1659,
    #1670,#1681,#1692,#1703,#1714,#1725,#1736,#1747,#1758,#1769,#1780,
    #1791,#1802,#1813,#1824,#1835,#1846,#1857,#1868,#1879,#1890,#1901,
    #1912,#1923,#1934,#1945,#1956,#1967,#1978,#1989,#2000,#2011,#2022,
    #2033,#2044,#2055,#2066,#2077,#2088,#2099),#2110,.T.);
#1128 = FACE_BOUND('',#1129,.T.);
#1129 = EDGE_LOOP('',(#1130,#1131,#1132,#1141,#1149,#1157,#1165,#1174,
    #1182,#1190,#1199,#1207,#1216,#1224,#1233,#1241,#1249,#1257,#1265,
    #1274,#1282,#1291,#1299,#1307,#1315,#1323,#1331,#1339,#1347,#1355,
    #1361));
#1130 = ORIENTED_EDGE('',*,*,#49,.F.);
#1131 = ORIENTED_EDGE('',*,*,#91,.F.);
#1132 = ORIENTED_EDGE('',*,*,#1133,.F.);
#1133 = EDGE_CURVE('',#1134,#84,#1136,.T.);
#1134 = VERTEX_POINT('',#1135);
#1135 = CARTESIAN_POINT('',(0.19495,36.000002,1.51));
#1136 = CIRCLE('',#1137,1.999998505848);
#1137 = AXIS2_PLACEMENT_3D('',#1138,#1139,#1140);
#1138 = CARTESIAN_POINT('',(2.194948505848,36.000001494152,1.51));
#1139 = DIRECTION('',(0.,0.,-1.));
#1140 = DIRECTION('',(-1.,2.529244056352E-07,0.));
#1141 = ORIENTED_EDGE('',*,*,#1142,.F.);
#1142 = EDGE_CURVE('',#1143,#1134,#1145,.T.);
#1143 = VERTEX_POINT('',#1144);
#1144 = CARTESIAN_POINT('',(0.19495,19.63729,1.51));
#1145 = LINE('',#1146,#1147);
#1146 = CARTESIAN_POINT('',(0.19495,19.63729,1.51));
#1147 = VECTOR('',#1148,1.);
#1148 = DIRECTION('',(0.,1.,0.));
#1149 = ORIENTED_EDGE('',*,*,#1150,.F.);
#1150 = EDGE_CURVE('',#1151,#1143,#1153,.T.);
#1151 = VERTEX_POINT('',#1152);
#1152 = CARTESIAN_POINT('',(-8.17205,19.63729,1.51));
#1153 = LINE('',#1154,#1155);
#1154 = CARTESIAN_POINT('',(-8.17205,19.63729,1.51));
#1155 = VECTOR('',#1156,1.);
#1156 = DIRECTION('',(1.,0.,0.));
#1157 = ORIENTED_EDGE('',*,*,#1158,.F.);
#1158 = EDGE_CURVE('',#1159,#1151,#1161,.T.);
#1159 = VERTEX_POINT('',#1160);
#1160 = CARTESIAN_POINT('',(-8.17205,17.73729,1.51));
#1161 = LINE('',#1162,#1163);
#1162 = CARTESIAN_POINT('',(-8.17205,17.73729,1.51));
#1163 = VECTOR('',#1164,1.);
#1164 = DIRECTION('',(0.,1.,0.));
#1165 = ORIENTED_EDGE('',*,*,#1166,.F.);
#1166 = EDGE_CURVE('',#1167,#1159,#1169,.T.);
#1167 = VERTEX_POINT('',#1168);
#1168 = CARTESIAN_POINT('',(-15.97205,17.737289,1.51));
#1169 = CIRCLE('',#1170,3.9);
#1170 = AXIS2_PLACEMENT_3D('',#1171,#1172,#1173);
#1171 = CARTESIAN_POINT('',(-12.07205,17.73729,1.51));
#1172 = DIRECTION('',(0.,0.,1.));
#1173 = DIRECTION('',(-1.,-2.5641027216E-07,0.));
#1174 = ORIENTED_EDGE('',*,*,#1175,.F.);
#1175 = EDGE_CURVE('',#1176,#1167,#1178,.T.);
#1176 = VERTEX_POINT('',#1177);
#1177 = CARTESIAN_POINT('',(-15.97205,19.63729,1.51));
#1178 = LINE('',#1179,#1180);
#1179 = CARTESIAN_POINT('',(-15.97205,19.63729,1.51));
#1180 = VECTOR('',#1181,1.);
#1181 = DIRECTION('',(0.,-1.,0.));
#1182 = ORIENTED_EDGE('',*,*,#1183,.F.);
#1183 = EDGE_CURVE('',#1184,#1176,#1186,.T.);
#1184 = VERTEX_POINT('',#1185);
#1185 = CARTESIAN_POINT('',(-21.339052,19.63729,1.51));
#1186 = LINE('',#1187,#1188);
#1187 = CARTESIAN_POINT('',(-21.339052,19.63729,1.51));
#1188 = VECTOR('',#1189,1.);
#1189 = DIRECTION('',(1.,0.,0.));
#1190 = ORIENTED_EDGE('',*,*,#1191,.F.);
#1191 = EDGE_CURVE('',#1192,#1184,#1194,.T.);
#1192 = VERTEX_POINT('',#1193);
#1193 = CARTESIAN_POINT('',(-23.33905,17.637292,1.51));
#1194 = CIRCLE('',#1195,1.999998505849);
#1195 = AXIS2_PLACEMENT_3D('',#1196,#1197,#1198);
#1196 = CARTESIAN_POINT('',(-21.33905149415,17.637291494152,1.51));
#1197 = DIRECTION('',(0.,0.,-1.));
#1198 = DIRECTION('',(-1.,2.529244074116E-07,0.));
#1199 = ORIENTED_EDGE('',*,*,#1200,.F.);
#1200 = EDGE_CURVE('',#1201,#1192,#1203,.T.);
#1201 = VERTEX_POINT('',#1202);
#1202 = CARTESIAN_POINT('',(-23.33905,-3.362707,1.51));
#1203 = LINE('',#1204,#1205);
#1204 = CARTESIAN_POINT('',(-23.33905,-3.362707,1.51));
#1205 = VECTOR('',#1206,1.);
#1206 = DIRECTION('',(0.,1.,0.));
#1207 = ORIENTED_EDGE('',*,*,#1208,.F.);
#1208 = EDGE_CURVE('',#1209,#1201,#1211,.T.);
#1209 = VERTEX_POINT('',#1210);
#1210 = CARTESIAN_POINT('',(-21.339048,-5.36271,1.51));
#1211 = CIRCLE('',#1212,2.000001920062);
#1212 = AXIS2_PLACEMENT_3D('',#1213,#1214,#1215);
#1213 = CARTESIAN_POINT('',(-21.33904807993,-3.362708079938,1.51));
#1214 = DIRECTION('',(0.,0.,-1.));
#1215 = DIRECTION('',(3.996893376056E-08,-1.,0.));
#1216 = ORIENTED_EDGE('',*,*,#1217,.F.);
#1217 = EDGE_CURVE('',#1218,#1209,#1220,.T.);
#1218 = VERTEX_POINT('',#1219);
#1219 = CARTESIAN_POINT('',(-20.660949,-5.36271,1.51));
#1220 = LINE('',#1221,#1222);
#1221 = CARTESIAN_POINT('',(-20.660949,-5.36271,1.51));
#1222 = VECTOR('',#1223,1.);
#1223 = DIRECTION('',(-1.,0.,0.));
#1224 = ORIENTED_EDGE('',*,*,#1225,.F.);
#1225 = EDGE_CURVE('',#1226,#1218,#1228,.T.);
#1226 = VERTEX_POINT('',#1227);
#1227 = CARTESIAN_POINT('',(-18.66095,-7.362709,1.51));
#1228 = CIRCLE('',#1229,1.999998505848);
#1229 = AXIS2_PLACEMENT_3D('',#1230,#1231,#1232);
#1230 = CARTESIAN_POINT('',(-20.66094850584,-7.362708505848,1.51));
#1231 = DIRECTION('',(0.,0.,1.));
#1232 = DIRECTION('',(1.,-2.47075968861E-07,0.));
#1233 = ORIENTED_EDGE('',*,*,#1234,.F.);
#1234 = EDGE_CURVE('',#1235,#1226,#1237,.T.);
#1235 = VERTEX_POINT('',#1236);
#1236 = CARTESIAN_POINT('',(-18.66095,-25.7,1.51));
#1237 = LINE('',#1238,#1239);
#1238 = CARTESIAN_POINT('',(-18.66095,-25.7,1.51));
#1239 = VECTOR('',#1240,1.);
#1240 = DIRECTION('',(0.,1.,0.));
#1241 = ORIENTED_EDGE('',*,*,#1242,.F.);
#1242 = EDGE_CURVE('',#1243,#1235,#1245,.T.);
#1243 = VERTEX_POINT('',#1244);
#1244 = CARTESIAN_POINT('',(-17.66095,-26.7,1.51));
#1245 = LINE('',#1246,#1247);
#1246 = CARTESIAN_POINT('',(-17.66095,-26.7,1.51));
#1247 = VECTOR('',#1248,1.);
#1248 = DIRECTION('',(-0.707106781187,0.707106781187,0.));
#1249 = ORIENTED_EDGE('',*,*,#1250,.F.);
#1250 = EDGE_CURVE('',#1251,#1243,#1253,.T.);
#1251 = VERTEX_POINT('',#1252);
#1252 = CARTESIAN_POINT('',(-18.66095,-27.7,1.51));
#1253 = LINE('',#1254,#1255);
#1254 = CARTESIAN_POINT('',(-18.66095,-27.7,1.51));
#1255 = VECTOR('',#1256,1.);
#1256 = DIRECTION('',(0.707106781187,0.707106781187,0.));
#1257 = ORIENTED_EDGE('',*,*,#1258,.F.);
#1258 = EDGE_CURVE('',#1259,#1251,#1261,.T.);
#1259 = VERTEX_POINT('',#1260);
#1260 = CARTESIAN_POINT('',(-18.66095,-36.000002,1.51));
#1261 = LINE('',#1262,#1263);
#1262 = CARTESIAN_POINT('',(-18.66095,-36.000002,1.51));
#1263 = VECTOR('',#1264,1.);
#1264 = DIRECTION('',(0.,1.,0.));
#1265 = ORIENTED_EDGE('',*,*,#1266,.F.);
#1266 = EDGE_CURVE('',#1267,#1259,#1269,.T.);
#1267 = VERTEX_POINT('',#1268);
#1268 = CARTESIAN_POINT('',(-16.660952,-38.,1.51));
#1269 = CIRCLE('',#1270,1.999998505848);
#1270 = AXIS2_PLACEMENT_3D('',#1271,#1272,#1273);
#1271 = CARTESIAN_POINT('',(-16.66095149415,-36.00000149415,1.51));
#1272 = DIRECTION('',(0.,0.,-1.));
#1273 = DIRECTION('',(-2.529244074116E-07,-1.,-0.));
#1274 = ORIENTED_EDGE('',*,*,#1275,.F.);
#1275 = EDGE_CURVE('',#1276,#1267,#1278,.T.);
#1276 = VERTEX_POINT('',#1277);
#1277 = CARTESIAN_POINT('',(21.33905,-38.,1.51));
#1278 = LINE('',#1279,#1280);
#1279 = CARTESIAN_POINT('',(21.33905,-38.,1.51));
#1280 = VECTOR('',#1281,1.);
#1281 = DIRECTION('',(-1.,0.,0.));
#1282 = ORIENTED_EDGE('',*,*,#1283,.F.);
#1283 = EDGE_CURVE('',#1284,#1276,#1286,.T.);
#1284 = VERTEX_POINT('',#1285);
#1285 = CARTESIAN_POINT('',(23.33905,-36.,1.51));
#1286 = CIRCLE('',#1287,1.99999850585);
#1287 = AXIS2_PLACEMENT_3D('',#1288,#1289,#1290);
#1288 = CARTESIAN_POINT('',(21.33905149415,-36.00000149415,1.51));
#1289 = DIRECTION('',(0.,0.,-1.));
#1290 = DIRECTION('',(1.,7.470757420593E-07,0.));
#1291 = ORIENTED_EDGE('',*,*,#1292,.F.);
#1292 = EDGE_CURVE('',#1293,#1284,#1295,.T.);
#1293 = VERTEX_POINT('',#1294);
#1294 = CARTESIAN_POINT('',(23.33905,-26.,1.51));
#1295 = LINE('',#1296,#1297);
#1296 = CARTESIAN_POINT('',(23.33905,-26.,1.51));
#1297 = VECTOR('',#1298,1.);
#1298 = DIRECTION('',(0.,-1.,0.));
#1299 = ORIENTED_EDGE('',*,*,#1300,.F.);
#1300 = EDGE_CURVE('',#1301,#1293,#1303,.T.);
#1301 = VERTEX_POINT('',#1302);
#1302 = CARTESIAN_POINT('',(22.33905,-25.,1.51));
#1303 = LINE('',#1304,#1305);
#1304 = CARTESIAN_POINT('',(22.33905,-25.,1.51));
#1305 = VECTOR('',#1306,1.);
#1306 = DIRECTION('',(0.707106781187,-0.707106781187,0.));
#1307 = ORIENTED_EDGE('',*,*,#1308,.F.);
#1308 = EDGE_CURVE('',#1309,#1301,#1311,.T.);
#1309 = VERTEX_POINT('',#1310);
#1310 = CARTESIAN_POINT('',(23.33905,-24.,1.51));
#1311 = LINE('',#1312,#1313);
#1312 = CARTESIAN_POINT('',(23.33905,-24.,1.51));
#1313 = VECTOR('',#1314,1.);
#1314 = DIRECTION('',(-0.707106781187,-0.707106781187,0.));
#1315 = ORIENTED_EDGE('',*,*,#1316,.F.);
#1316 = EDGE_CURVE('',#1317,#1309,#1319,.T.);
#1317 = VERTEX_POINT('',#1318);
#1318 = CARTESIAN_POINT('',(23.33905,11.75,1.51));
#1319 = LINE('',#1320,#1321);
#1320 = CARTESIAN_POINT('',(23.33905,11.75,1.51));
#1321 = VECTOR('',#1322,1.);
#1322 = DIRECTION('',(0.,-1.,0.));
#1323 = ORIENTED_EDGE('',*,*,#1324,.F.);
#1324 = EDGE_CURVE('',#1325,#1317,#1327,.T.);
#1325 = VERTEX_POINT('',#1326);
#1326 = CARTESIAN_POINT('',(22.33905,12.75,1.51));
#1327 = LINE('',#1328,#1329);
#1328 = CARTESIAN_POINT('',(22.33905,12.75,1.51));
#1329 = VECTOR('',#1330,1.);
#1330 = DIRECTION('',(0.707106781187,-0.707106781187,0.));
#1331 = ORIENTED_EDGE('',*,*,#1332,.F.);
#1332 = EDGE_CURVE('',#1333,#1325,#1335,.T.);
#1333 = VERTEX_POINT('',#1334);
#1334 = CARTESIAN_POINT('',(23.33905,13.75,1.51));
#1335 = LINE('',#1336,#1337);
#1336 = CARTESIAN_POINT('',(23.33905,13.75,1.51));
#1337 = VECTOR('',#1338,1.);
#1338 = DIRECTION('',(-0.707106781187,-0.707106781187,0.));
#1339 = ORIENTED_EDGE('',*,*,#1340,.F.);
#1340 = EDGE_CURVE('',#1341,#1333,#1343,.T.);
#1341 = VERTEX_POINT('',#1342);
#1342 = CARTESIAN_POINT('',(23.33905,25.9,1.51));
#1343 = LINE('',#1344,#1345);
#1344 = CARTESIAN_POINT('',(23.33905,25.9,1.51));
#1345 = VECTOR('',#1346,1.);
#1346 = DIRECTION('',(0.,-1.,0.));
#1347 = ORIENTED_EDGE('',*,*,#1348,.F.);
#1348 = EDGE_CURVE('',#1349,#1341,#1351,.T.);
#1349 = VERTEX_POINT('',#1350);
#1350 = CARTESIAN_POINT('',(22.33905,26.9,1.51));
#1351 = LINE('',#1352,#1353);
#1352 = CARTESIAN_POINT('',(22.33905,26.9,1.51));
#1353 = VECTOR('',#1354,1.);
#1354 = DIRECTION('',(0.707106781187,-0.707106781187,0.));
#1355 = ORIENTED_EDGE('',*,*,#1356,.F.);
#1356 = EDGE_CURVE('',#114,#1349,#1357,.T.);
#1357 = LINE('',#1358,#1359);
#1358 = CARTESIAN_POINT('',(23.33905,27.9,1.51));
#1359 = VECTOR('',#1360,1.);
#1360 = DIRECTION('',(-0.707106781187,-0.707106781187,0.));
#1361 = ORIENTED_EDGE('',*,*,#113,.F.);
#1362 = FACE_BOUND('',#1363,.T.);
#1363 = EDGE_LOOP('',(#1364));
#1364 = ORIENTED_EDGE('',*,*,#1365,.T.);
#1365 = EDGE_CURVE('',#1366,#1366,#1368,.T.);
#1366 = VERTEX_POINT('',#1367);
#1367 = CARTESIAN_POINT('',(-15.33905,-35.962707,1.51));
#1368 = CIRCLE('',#1369,1.1);
#1369 = AXIS2_PLACEMENT_3D('',#1370,#1371,#1372);
#1370 = CARTESIAN_POINT('',(-15.33905,-34.862707,1.51));
#1371 = DIRECTION('',(-0.,0.,-1.));
#1372 = DIRECTION('',(-0.,-1.,0.));
#1373 = FACE_BOUND('',#1374,.T.);
#1374 = EDGE_LOOP('',(#1375));
#1375 = ORIENTED_EDGE('',*,*,#1376,.T.);
#1376 = EDGE_CURVE('',#1377,#1377,#1379,.T.);
#1377 = VERTEX_POINT('',#1378);
#1378 = CARTESIAN_POINT('',(-15.83905,-29.902707,1.51));
#1379 = CIRCLE('',#1380,0.5);
#1380 = AXIS2_PLACEMENT_3D('',#1381,#1382,#1383);
#1381 = CARTESIAN_POINT('',(-15.83905,-29.402707,1.51));
#1382 = DIRECTION('',(-0.,0.,-1.));
#1383 = DIRECTION('',(-0.,-1.,0.));
#1384 = FACE_BOUND('',#1385,.T.);
#1385 = EDGE_LOOP('',(#1386));
#1386 = ORIENTED_EDGE('',*,*,#1387,.T.);
#1387 = EDGE_CURVE('',#1388,#1388,#1390,.T.);
#1388 = VERTEX_POINT('',#1389);
#1389 = CARTESIAN_POINT('',(-16.33905,-23.127707,1.51));
#1390 = CIRCLE('',#1391,0.5);
#1391 = AXIS2_PLACEMENT_3D('',#1392,#1393,#1394);
#1392 = CARTESIAN_POINT('',(-16.33905,-22.627707,1.51));
#1393 = DIRECTION('',(-0.,0.,-1.));
#1394 = DIRECTION('',(-0.,-1.,0.));
#1395 = FACE_BOUND('',#1396,.T.);
#1396 = EDGE_LOOP('',(#1397));
#1397 = ORIENTED_EDGE('',*,*,#1398,.T.);
#1398 = EDGE_CURVE('',#1399,#1399,#1401,.T.);
#1399 = VERTEX_POINT('',#1400);
#1400 = CARTESIAN_POINT('',(-16.33905,-20.587707,1.51));
#1401 = CIRCLE('',#1402,0.5);
#1402 = AXIS2_PLACEMENT_3D('',#1403,#1404,#1405);
#1403 = CARTESIAN_POINT('',(-16.33905,-20.087707,1.51));
#1404 = DIRECTION('',(-0.,0.,-1.));
#1405 = DIRECTION('',(-0.,-1.,0.));
#1406 = FACE_BOUND('',#1407,.T.);
#1407 = EDGE_LOOP('',(#1408));
#1408 = ORIENTED_EDGE('',*,*,#1409,.T.);
#1409 = EDGE_CURVE('',#1410,#1410,#1412,.T.);
#1410 = VERTEX_POINT('',#1411);
#1411 = CARTESIAN_POINT('',(-15.83905,-27.362707,1.51));
#1412 = CIRCLE('',#1413,0.5);
#1413 = AXIS2_PLACEMENT_3D('',#1414,#1415,#1416);
#1414 = CARTESIAN_POINT('',(-15.83905,-26.862707,1.51));
#1415 = DIRECTION('',(-0.,0.,-1.));
#1416 = DIRECTION('',(-0.,-1.,0.));
#1417 = FACE_BOUND('',#1418,.T.);
#1418 = EDGE_LOOP('',(#1419));
#1419 = ORIENTED_EDGE('',*,*,#1420,.T.);
#1420 = EDGE_CURVE('',#1421,#1421,#1423,.T.);
#1421 = VERTEX_POINT('',#1422);
#1422 = CARTESIAN_POINT('',(-3.45905,-26.862707,1.51));
#1423 = CIRCLE('',#1424,0.5);
#1424 = AXIS2_PLACEMENT_3D('',#1425,#1426,#1427);
#1425 = CARTESIAN_POINT('',(-3.45905,-26.362707,1.51));
#1426 = DIRECTION('',(-0.,0.,-1.));
#1427 = DIRECTION('',(-0.,-1.,0.));
#1428 = FACE_BOUND('',#1429,.T.);
#1429 = EDGE_LOOP('',(#1430));
#1430 = ORIENTED_EDGE('',*,*,#1431,.T.);
#1431 = EDGE_CURVE('',#1432,#1432,#1434,.T.);
#1432 = VERTEX_POINT('',#1433);
#1433 = CARTESIAN_POINT('',(-0.91905,-26.862707,1.51));
#1434 = CIRCLE('',#1435,0.5);
#1435 = AXIS2_PLACEMENT_3D('',#1436,#1437,#1438);
#1436 = CARTESIAN_POINT('',(-0.91905,-26.362707,1.51));
#1437 = DIRECTION('',(-0.,0.,-1.));
#1438 = DIRECTION('',(-2.22044604925E-16,-1.,0.));
#1439 = FACE_BOUND('',#1440,.T.);
#1440 = EDGE_LOOP('',(#1441));
#1441 = ORIENTED_EDGE('',*,*,#1442,.T.);
#1442 = EDGE_CURVE('',#1443,#1443,#1445,.T.);
#1443 = VERTEX_POINT('',#1444);
#1444 = CARTESIAN_POINT('',(-2.08905,-23.262707,1.51));
#1445 = CIRCLE('',#1446,0.4);
#1446 = AXIS2_PLACEMENT_3D('',#1447,#1448,#1449);
#1447 = CARTESIAN_POINT('',(-2.08905,-22.862707,1.51));
#1448 = DIRECTION('',(-0.,0.,-1.));
#1449 = DIRECTION('',(1.110223024625E-15,-1.,-0.));
#1450 = FACE_BOUND('',#1451,.T.);
#1451 = EDGE_LOOP('',(#1452));
#1452 = ORIENTED_EDGE('',*,*,#1453,.T.);
#1453 = EDGE_CURVE('',#1454,#1454,#1456,.T.);
#1454 = VERTEX_POINT('',#1455);
#1455 = CARTESIAN_POINT('',(-16.33905,-15.752707,1.51));
#1456 = CIRCLE('',#1457,0.35);
#1457 = AXIS2_PLACEMENT_3D('',#1458,#1459,#1460);
#1458 = CARTESIAN_POINT('',(-16.33905,-15.402707,1.51));
#1459 = DIRECTION('',(-0.,0.,-1.));
#1460 = DIRECTION('',(-0.,-1.,0.));
#1461 = FACE_BOUND('',#1462,.T.);
#1462 = EDGE_LOOP('',(#1463));
#1463 = ORIENTED_EDGE('',*,*,#1464,.T.);
#1464 = EDGE_CURVE('',#1465,#1465,#1467,.T.);
#1465 = VERTEX_POINT('',#1466);
#1466 = CARTESIAN_POINT('',(-16.33905,-10.672707,1.51));
#1467 = CIRCLE('',#1468,0.35);
#1468 = AXIS2_PLACEMENT_3D('',#1469,#1470,#1471);
#1469 = CARTESIAN_POINT('',(-16.33905,-10.322707,1.51));
#1470 = DIRECTION('',(-0.,0.,-1.));
#1471 = DIRECTION('',(-0.,-1.,0.));
#1472 = FACE_BOUND('',#1473,.T.);
#1473 = EDGE_LOOP('',(#1474));
#1474 = ORIENTED_EDGE('',*,*,#1475,.T.);
#1475 = EDGE_CURVE('',#1476,#1476,#1478,.T.);
#1476 = VERTEX_POINT('',#1477);
#1477 = CARTESIAN_POINT('',(-11.33905,-15.752707,1.51));
#1478 = CIRCLE('',#1479,0.35);
#1479 = AXIS2_PLACEMENT_3D('',#1480,#1481,#1482);
#1480 = CARTESIAN_POINT('',(-11.33905,-15.402707,1.51));
#1481 = DIRECTION('',(-0.,0.,-1.));
#1482 = DIRECTION('',(-0.,-1.,0.));
#1483 = FACE_BOUND('',#1484,.T.);
#1484 = EDGE_LOOP('',(#1485));
#1485 = ORIENTED_EDGE('',*,*,#1486,.T.);
#1486 = EDGE_CURVE('',#1487,#1487,#1489,.T.);
#1487 = VERTEX_POINT('',#1488);
#1488 = CARTESIAN_POINT('',(-11.33905,-10.672707,1.51));
#1489 = CIRCLE('',#1490,0.35);
#1490 = AXIS2_PLACEMENT_3D('',#1491,#1492,#1493);
#1491 = CARTESIAN_POINT('',(-11.33905,-10.322707,1.51));
#1492 = DIRECTION('',(-0.,0.,-1.));
#1493 = DIRECTION('',(-0.,-1.,0.));
#1494 = FACE_BOUND('',#1495,.T.);
#1495 = EDGE_LOOP('',(#1496));
#1496 = ORIENTED_EDGE('',*,*,#1497,.T.);
#1497 = EDGE_CURVE('',#1498,#1498,#1500,.T.);
#1498 = VERTEX_POINT('',#1499);
#1499 = CARTESIAN_POINT('',(-20.33905,-3.462707,1.51));
#1500 = CIRCLE('',#1501,1.1);
#1501 = AXIS2_PLACEMENT_3D('',#1502,#1503,#1504);
#1502 = CARTESIAN_POINT('',(-20.33905,-2.362707,1.51));
#1503 = DIRECTION('',(-0.,0.,-1.));
#1504 = DIRECTION('',(-0.,-1.,0.));
#1505 = FACE_BOUND('',#1506,.T.);
#1506 = EDGE_LOOP('',(#1507));
#1507 = ORIENTED_EDGE('',*,*,#1508,.T.);
#1508 = EDGE_CURVE('',#1509,#1509,#1511,.T.);
#1509 = VERTEX_POINT('',#1510);
#1510 = CARTESIAN_POINT('',(-2.87905,-15.712707,1.51));
#1511 = CIRCLE('',#1512,0.35);
#1512 = AXIS2_PLACEMENT_3D('',#1513,#1514,#1515);
#1513 = CARTESIAN_POINT('',(-2.87905,-15.362707,1.51));
#1514 = DIRECTION('',(-0.,0.,-1.));
#1515 = DIRECTION('',(-0.,-1.,0.));
#1516 = FACE_BOUND('',#1517,.T.);
#1517 = EDGE_LOOP('',(#1518));
#1518 = ORIENTED_EDGE('',*,*,#1519,.T.);
#1519 = EDGE_CURVE('',#1520,#1520,#1522,.T.);
#1520 = VERTEX_POINT('',#1521);
#1521 = CARTESIAN_POINT('',(-2.87905,-12.212707,1.51));
#1522 = CIRCLE('',#1523,0.35);
#1523 = AXIS2_PLACEMENT_3D('',#1524,#1525,#1526);
#1524 = CARTESIAN_POINT('',(-2.87905,-11.862707,1.51));
#1525 = DIRECTION('',(-0.,0.,-1.));
#1526 = DIRECTION('',(-0.,-1.,0.));
#1527 = FACE_BOUND('',#1528,.T.);
#1528 = EDGE_LOOP('',(#1529));
#1529 = ORIENTED_EDGE('',*,*,#1530,.T.);
#1530 = EDGE_CURVE('',#1531,#1531,#1533,.T.);
#1531 = VERTEX_POINT('',#1532);
#1532 = CARTESIAN_POINT('',(-3.144202,-7.987671,1.51));
#1533 = CIRCLE('',#1534,0.5);
#1534 = AXIS2_PLACEMENT_3D('',#1535,#1536,#1537);
#1535 = CARTESIAN_POINT('',(-3.144202,-7.487671,1.51));
#1536 = DIRECTION('',(-0.,0.,-1.));
#1537 = DIRECTION('',(-0.,-1.,0.));
#1538 = FACE_BOUND('',#1539,.T.);
#1539 = EDGE_LOOP('',(#1540));
#1540 = ORIENTED_EDGE('',*,*,#1541,.T.);
#1541 = EDGE_CURVE('',#1542,#1542,#1544,.T.);
#1542 = VERTEX_POINT('',#1543);
#1543 = CARTESIAN_POINT('',(-0.604202,-7.987671,1.51));
#1544 = CIRCLE('',#1545,0.5);
#1545 = AXIS2_PLACEMENT_3D('',#1546,#1547,#1548);
#1546 = CARTESIAN_POINT('',(-0.604202,-7.487671,1.51));
#1547 = DIRECTION('',(-0.,0.,-1.));
#1548 = DIRECTION('',(-2.22044604925E-16,-1.,0.));
#1549 = FACE_BOUND('',#1550,.T.);
#1550 = EDGE_LOOP('',(#1551));
#1551 = ORIENTED_EDGE('',*,*,#1552,.T.);
#1552 = EDGE_CURVE('',#1553,#1553,#1555,.T.);
#1553 = VERTEX_POINT('',#1554);
#1554 = CARTESIAN_POINT('',(1.62095,-26.862707,1.51));
#1555 = CIRCLE('',#1556,0.5);
#1556 = AXIS2_PLACEMENT_3D('',#1557,#1558,#1559);
#1557 = CARTESIAN_POINT('',(1.62095,-26.362707,1.51));
#1558 = DIRECTION('',(-0.,0.,-1.));
#1559 = DIRECTION('',(-4.440892098501E-16,-1.,0.));
#1560 = FACE_BOUND('',#1561,.T.);
#1561 = EDGE_LOOP('',(#1562));
#1562 = ORIENTED_EDGE('',*,*,#1563,.T.);
#1563 = EDGE_CURVE('',#1564,#1564,#1566,.T.);
#1564 = VERTEX_POINT('',#1565);
#1565 = CARTESIAN_POINT('',(0.41095,-23.262707,1.51));
#1566 = CIRCLE('',#1567,0.4);
#1567 = AXIS2_PLACEMENT_3D('',#1568,#1569,#1570);
#1568 = CARTESIAN_POINT('',(0.41095,-22.862707,1.51));
#1569 = DIRECTION('',(-0.,0.,-1.));
#1570 = DIRECTION('',(1.387778780781E-16,-1.,-0.));
#1571 = FACE_BOUND('',#1572,.T.);
#1572 = EDGE_LOOP('',(#1573));
#1573 = ORIENTED_EDGE('',*,*,#1574,.T.);
#1574 = EDGE_CURVE('',#1575,#1575,#1577,.T.);
#1575 = VERTEX_POINT('',#1576);
#1576 = CARTESIAN_POINT('',(4.16095,-26.862707,1.51));
#1577 = CIRCLE('',#1578,0.5);
#1578 = AXIS2_PLACEMENT_3D('',#1579,#1580,#1581);
#1579 = CARTESIAN_POINT('',(4.16095,-26.362707,1.51));
#1580 = DIRECTION('',(-0.,0.,-1.));
#1581 = DIRECTION('',(-0.,-1.,0.));
#1582 = FACE_BOUND('',#1583,.T.);
#1583 = EDGE_LOOP('',(#1584));
#1584 = ORIENTED_EDGE('',*,*,#1585,.T.);
#1585 = EDGE_CURVE('',#1586,#1586,#1588,.T.);
#1586 = VERTEX_POINT('',#1587);
#1587 = CARTESIAN_POINT('',(20.16095,-35.962707,1.51));
#1588 = CIRCLE('',#1589,1.1);
#1589 = AXIS2_PLACEMENT_3D('',#1590,#1591,#1592);
#1590 = CARTESIAN_POINT('',(20.16095,-34.862707,1.51));
#1591 = DIRECTION('',(-0.,0.,-1.));
#1592 = DIRECTION('',(-0.,-1.,0.));
#1593 = FACE_BOUND('',#1594,.T.);
#1594 = EDGE_LOOP('',(#1595));
#1595 = ORIENTED_EDGE('',*,*,#1596,.T.);
#1596 = EDGE_CURVE('',#1597,#1597,#1599,.T.);
#1597 = VERTEX_POINT('',#1598);
#1598 = CARTESIAN_POINT('',(12.16095,-18.262707,1.51));
#1599 = CIRCLE('',#1600,0.4);
#1600 = AXIS2_PLACEMENT_3D('',#1601,#1602,#1603);
#1601 = CARTESIAN_POINT('',(12.16095,-17.862707,1.51));
#1602 = DIRECTION('',(-0.,0.,-1.));
#1603 = DIRECTION('',(-0.,-1.,0.));
#1604 = FACE_BOUND('',#1605,.T.);
#1605 = EDGE_LOOP('',(#1606));
#1606 = ORIENTED_EDGE('',*,*,#1607,.T.);
#1607 = EDGE_CURVE('',#1608,#1608,#1610,.T.);
#1608 = VERTEX_POINT('',#1609);
#1609 = CARTESIAN_POINT('',(15.66095,-18.262707,1.51));
#1610 = CIRCLE('',#1611,0.4);
#1611 = AXIS2_PLACEMENT_3D('',#1612,#1613,#1614);
#1612 = CARTESIAN_POINT('',(15.66095,-17.862707,1.51));
#1613 = DIRECTION('',(-0.,0.,-1.));
#1614 = DIRECTION('',(-0.,-1.,0.));
#1615 = FACE_BOUND('',#1616,.T.);
#1616 = EDGE_LOOP('',(#1617));
#1617 = ORIENTED_EDGE('',*,*,#1618,.T.);
#1618 = EDGE_CURVE('',#1619,#1619,#1621,.T.);
#1619 = VERTEX_POINT('',#1620);
#1620 = CARTESIAN_POINT('',(21.66095,-22.902707,1.51));
#1621 = CIRCLE('',#1622,0.5);
#1622 = AXIS2_PLACEMENT_3D('',#1623,#1624,#1625);
#1623 = CARTESIAN_POINT('',(21.66095,-22.402707,1.51));
#1624 = DIRECTION('',(-0.,0.,-1.));
#1625 = DIRECTION('',(-0.,-1.,0.));
#1626 = FACE_BOUND('',#1627,.T.);
#1627 = EDGE_LOOP('',(#1628));
#1628 = ORIENTED_EDGE('',*,*,#1629,.T.);
#1629 = EDGE_CURVE('',#1630,#1630,#1632,.T.);
#1630 = VERTEX_POINT('',#1631);
#1631 = CARTESIAN_POINT('',(21.66095,-20.362707,1.51));
#1632 = CIRCLE('',#1633,0.5);
#1633 = AXIS2_PLACEMENT_3D('',#1634,#1635,#1636);
#1634 = CARTESIAN_POINT('',(21.66095,-19.862707,1.51));
#1635 = DIRECTION('',(-0.,0.,-1.));
#1636 = DIRECTION('',(-0.,-1.,0.));
#1637 = FACE_BOUND('',#1638,.T.);
#1638 = EDGE_LOOP('',(#1639));
#1639 = ORIENTED_EDGE('',*,*,#1640,.T.);
#1640 = EDGE_CURVE('',#1641,#1641,#1643,.T.);
#1641 = VERTEX_POINT('',#1642);
#1642 = CARTESIAN_POINT('',(2.20095,-15.712707,1.51));
#1643 = CIRCLE('',#1644,0.35);
#1644 = AXIS2_PLACEMENT_3D('',#1645,#1646,#1647);
#1645 = CARTESIAN_POINT('',(2.20095,-15.362707,1.51));
#1646 = DIRECTION('',(-0.,0.,-1.));
#1647 = DIRECTION('',(1.268826313857E-15,-1.,-0.));
#1648 = FACE_BOUND('',#1649,.T.);
#1649 = EDGE_LOOP('',(#1650));
#1650 = ORIENTED_EDGE('',*,*,#1651,.T.);
#1651 = EDGE_CURVE('',#1652,#1652,#1654,.T.);
#1652 = VERTEX_POINT('',#1653);
#1653 = CARTESIAN_POINT('',(2.20095,-12.212707,1.51));
#1654 = CIRCLE('',#1655,0.35);
#1655 = AXIS2_PLACEMENT_3D('',#1656,#1657,#1658);
#1656 = CARTESIAN_POINT('',(2.20095,-11.862707,1.51));
#1657 = DIRECTION('',(-0.,0.,-1.));
#1658 = DIRECTION('',(1.268826313857E-15,-1.,-0.));
#1659 = FACE_BOUND('',#1660,.T.);
#1660 = EDGE_LOOP('',(#1661));
#1661 = ORIENTED_EDGE('',*,*,#1662,.T.);
#1662 = EDGE_CURVE('',#1663,#1663,#1665,.T.);
#1663 = VERTEX_POINT('',#1664);
#1664 = CARTESIAN_POINT('',(1.935798,-7.987671,1.51));
#1665 = CIRCLE('',#1666,0.5);
#1666 = AXIS2_PLACEMENT_3D('',#1667,#1668,#1669);
#1667 = CARTESIAN_POINT('',(1.935798,-7.487671,1.51));
#1668 = DIRECTION('',(-0.,0.,-1.));
#1669 = DIRECTION('',(-4.440892098501E-16,-1.,0.));
#1670 = FACE_BOUND('',#1671,.T.);
#1671 = EDGE_LOOP('',(#1672));
#1672 = ORIENTED_EDGE('',*,*,#1673,.T.);
#1673 = EDGE_CURVE('',#1674,#1674,#1676,.T.);
#1674 = VERTEX_POINT('',#1675);
#1675 = CARTESIAN_POINT('',(4.475798,-7.987671,1.51));
#1676 = CIRCLE('',#1677,0.5);
#1677 = AXIS2_PLACEMENT_3D('',#1678,#1679,#1680);
#1678 = CARTESIAN_POINT('',(4.475798,-7.487671,1.51));
#1679 = DIRECTION('',(-0.,0.,-1.));
#1680 = DIRECTION('',(-0.,-1.,0.));
#1681 = FACE_BOUND('',#1682,.T.);
#1682 = EDGE_LOOP('',(#1683));
#1683 = ORIENTED_EDGE('',*,*,#1684,.T.);
#1684 = EDGE_CURVE('',#1685,#1685,#1687,.T.);
#1685 = VERTEX_POINT('',#1686);
#1686 = CARTESIAN_POINT('',(-20.83905,6.057293,1.51));
#1687 = CIRCLE('',#1688,0.5);
#1688 = AXIS2_PLACEMENT_3D('',#1689,#1690,#1691);
#1689 = CARTESIAN_POINT('',(-20.83905,6.557293,1.51));
#1690 = DIRECTION('',(-0.,0.,-1.));
#1691 = DIRECTION('',(-0.,-1.,0.));
#1692 = FACE_BOUND('',#1693,.T.);
#1693 = EDGE_LOOP('',(#1694));
#1694 = ORIENTED_EDGE('',*,*,#1695,.T.);
#1695 = EDGE_CURVE('',#1696,#1696,#1698,.T.);
#1696 = VERTEX_POINT('',#1697);
#1697 = CARTESIAN_POINT('',(-20.83905,8.597293,1.51));
#1698 = CIRCLE('',#1699,0.5);
#1699 = AXIS2_PLACEMENT_3D('',#1700,#1701,#1702);
#1700 = CARTESIAN_POINT('',(-20.83905,9.097293,1.51));
#1701 = DIRECTION('',(-0.,0.,-1.));
#1702 = DIRECTION('',(-0.,-1.,0.));
#1703 = FACE_BOUND('',#1704,.T.);
#1704 = EDGE_LOOP('',(#1705));
#1705 = ORIENTED_EDGE('',*,*,#1706,.T.);
#1706 = EDGE_CURVE('',#1707,#1707,#1709,.T.);
#1707 = VERTEX_POINT('',#1708);
#1708 = CARTESIAN_POINT('',(-11.33905,0.247293,1.51));
#1709 = CIRCLE('',#1710,0.35);
#1710 = AXIS2_PLACEMENT_3D('',#1711,#1712,#1713);
#1711 = CARTESIAN_POINT('',(-11.33905,0.597293,1.51));
#1712 = DIRECTION('',(-0.,0.,-1.));
#1713 = DIRECTION('',(-0.,-1.,0.));
#1714 = FACE_BOUND('',#1715,.T.);
#1715 = EDGE_LOOP('',(#1716));
#1716 = ORIENTED_EDGE('',*,*,#1717,.T.);
#1717 = EDGE_CURVE('',#1718,#1718,#1720,.T.);
#1718 = VERTEX_POINT('',#1719);
#1719 = CARTESIAN_POINT('',(-11.33905,5.327293,1.51));
#1720 = CIRCLE('',#1721,0.35);
#1721 = AXIS2_PLACEMENT_3D('',#1722,#1723,#1724);
#1722 = CARTESIAN_POINT('',(-11.33905,5.677293,1.51));
#1723 = DIRECTION('',(-0.,0.,-1.));
#1724 = DIRECTION('',(-0.,-1.,0.));
#1725 = FACE_BOUND('',#1726,.T.);
#1726 = EDGE_LOOP('',(#1727));
#1727 = ORIENTED_EDGE('',*,*,#1728,.T.);
#1728 = EDGE_CURVE('',#1729,#1729,#1731,.T.);
#1729 = VERTEX_POINT('',#1730);
#1730 = CARTESIAN_POINT('',(-20.83905,11.137293,1.51));
#1731 = CIRCLE('',#1732,0.5);
#1732 = AXIS2_PLACEMENT_3D('',#1733,#1734,#1735);
#1733 = CARTESIAN_POINT('',(-20.83905,11.637293,1.51));
#1734 = DIRECTION('',(-0.,0.,-1.));
#1735 = DIRECTION('',(-0.,-1.,0.));
#1736 = FACE_BOUND('',#1737,.T.);
#1737 = EDGE_LOOP('',(#1738));
#1738 = ORIENTED_EDGE('',*,*,#1739,.T.);
#1739 = EDGE_CURVE('',#1740,#1740,#1742,.T.);
#1740 = VERTEX_POINT('',#1741);
#1741 = CARTESIAN_POINT('',(-20.83905,13.677293,1.51));
#1742 = CIRCLE('',#1743,0.5);
#1743 = AXIS2_PLACEMENT_3D('',#1744,#1745,#1746);
#1744 = CARTESIAN_POINT('',(-20.83905,14.177293,1.51));
#1745 = DIRECTION('',(-0.,0.,-1.));
#1746 = DIRECTION('',(-0.,-1.,0.));
#1747 = FACE_BOUND('',#1748,.T.);
#1748 = EDGE_LOOP('',(#1749));
#1749 = ORIENTED_EDGE('',*,*,#1750,.T.);
#1750 = EDGE_CURVE('',#1751,#1751,#1753,.T.);
#1751 = VERTEX_POINT('',#1752);
#1752 = CARTESIAN_POINT('',(-20.83905,16.217293,1.51));
#1753 = CIRCLE('',#1754,0.5);
#1754 = AXIS2_PLACEMENT_3D('',#1755,#1756,#1757);
#1755 = CARTESIAN_POINT('',(-20.83905,16.717293,1.51));
#1756 = DIRECTION('',(-0.,0.,-1.));
#1757 = DIRECTION('',(-0.,-1.,0.));
#1758 = FACE_BOUND('',#1759,.T.);
#1759 = EDGE_LOOP('',(#1760));
#1760 = ORIENTED_EDGE('',*,*,#1761,.T.);
#1761 = EDGE_CURVE('',#1762,#1762,#1764,.T.);
#1762 = VERTEX_POINT('',#1763);
#1763 = CARTESIAN_POINT('',(-7.33905,0.247293,1.51));
#1764 = CIRCLE('',#1765,0.35);
#1765 = AXIS2_PLACEMENT_3D('',#1766,#1767,#1768);
#1766 = CARTESIAN_POINT('',(-7.33905,0.597293,1.51));
#1767 = DIRECTION('',(-0.,0.,-1.));
#1768 = DIRECTION('',(-0.,-1.,0.));
#1769 = FACE_BOUND('',#1770,.T.);
#1770 = EDGE_LOOP('',(#1771));
#1771 = ORIENTED_EDGE('',*,*,#1772,.T.);
#1772 = EDGE_CURVE('',#1773,#1773,#1775,.T.);
#1773 = VERTEX_POINT('',#1774);
#1774 = CARTESIAN_POINT('',(-7.33905,5.327293,1.51));
#1775 = CIRCLE('',#1776,0.35);
#1776 = AXIS2_PLACEMENT_3D('',#1777,#1778,#1779);
#1777 = CARTESIAN_POINT('',(-7.33905,5.677293,1.51));
#1778 = DIRECTION('',(-0.,0.,-1.));
#1779 = DIRECTION('',(-0.,-1.,0.));
#1780 = FACE_BOUND('',#1781,.T.);
#1781 = EDGE_LOOP('',(#1782));
#1782 = ORIENTED_EDGE('',*,*,#1783,.T.);
#1783 = EDGE_CURVE('',#1784,#1784,#1786,.T.);
#1784 = VERTEX_POINT('',#1785);
#1785 = CARTESIAN_POINT('',(-3.20255,5.241793,1.51));
#1786 = CIRCLE('',#1787,0.5);
#1787 = AXIS2_PLACEMENT_3D('',#1788,#1789,#1790);
#1788 = CARTESIAN_POINT('',(-3.20255,5.741793,1.51));
#1789 = DIRECTION('',(-0.,0.,-1.));
#1790 = DIRECTION('',(-0.,-1.,0.));
#1791 = FACE_BOUND('',#1792,.T.);
#1792 = EDGE_LOOP('',(#1793));
#1793 = ORIENTED_EDGE('',*,*,#1794,.T.);
#1794 = EDGE_CURVE('',#1795,#1795,#1797,.T.);
#1795 = VERTEX_POINT('',#1796);
#1796 = CARTESIAN_POINT('',(-0.66255,5.241793,1.51));
#1797 = CIRCLE('',#1798,0.5);
#1798 = AXIS2_PLACEMENT_3D('',#1799,#1800,#1801);
#1799 = CARTESIAN_POINT('',(-0.66255,5.741793,1.51));
#1800 = DIRECTION('',(-0.,0.,-1.));
#1801 = DIRECTION('',(-0.,-1.,0.));
#1802 = FACE_BOUND('',#1803,.T.);
#1803 = EDGE_LOOP('',(#1804));
#1804 = ORIENTED_EDGE('',*,*,#1805,.T.);
#1805 = EDGE_CURVE('',#1806,#1806,#1808,.T.);
#1806 = VERTEX_POINT('',#1807);
#1807 = CARTESIAN_POINT('',(-7.08905,13.737293,1.51));
#1808 = CIRCLE('',#1809,0.4);
#1809 = AXIS2_PLACEMENT_3D('',#1810,#1811,#1812);
#1810 = CARTESIAN_POINT('',(-7.08905,14.137293,1.51));
#1811 = DIRECTION('',(-0.,0.,-1.));
#1812 = DIRECTION('',(-0.,-1.,0.));
#1813 = FACE_BOUND('',#1814,.T.);
#1814 = EDGE_LOOP('',(#1815));
#1815 = ORIENTED_EDGE('',*,*,#1816,.T.);
#1816 = EDGE_CURVE('',#1817,#1817,#1819,.T.);
#1817 = VERTEX_POINT('',#1818);
#1818 = CARTESIAN_POINT('',(-5.95905,17.137293,1.51));
#1819 = CIRCLE('',#1820,0.5);
#1820 = AXIS2_PLACEMENT_3D('',#1821,#1822,#1823);
#1821 = CARTESIAN_POINT('',(-5.95905,17.637293,1.51));
#1822 = DIRECTION('',(-0.,0.,-1.));
#1823 = DIRECTION('',(-0.,-1.,0.));
#1824 = FACE_BOUND('',#1825,.T.);
#1825 = EDGE_LOOP('',(#1826));
#1826 = ORIENTED_EDGE('',*,*,#1827,.T.);
#1827 = EDGE_CURVE('',#1828,#1828,#1830,.T.);
#1828 = VERTEX_POINT('',#1829);
#1829 = CARTESIAN_POINT('',(-4.58905,13.737293,1.51));
#1830 = CIRCLE('',#1831,0.4);
#1831 = AXIS2_PLACEMENT_3D('',#1832,#1833,#1834);
#1832 = CARTESIAN_POINT('',(-4.58905,14.137293,1.51));
#1833 = DIRECTION('',(-0.,0.,-1.));
#1834 = DIRECTION('',(-0.,-1.,0.));
#1835 = FACE_BOUND('',#1836,.T.);
#1836 = EDGE_LOOP('',(#1837));
#1837 = ORIENTED_EDGE('',*,*,#1838,.T.);
#1838 = EDGE_CURVE('',#1839,#1839,#1841,.T.);
#1839 = VERTEX_POINT('',#1840);
#1840 = CARTESIAN_POINT('',(-3.41905,17.137293,1.51));
#1841 = CIRCLE('',#1842,0.5);
#1842 = AXIS2_PLACEMENT_3D('',#1843,#1844,#1845);
#1843 = CARTESIAN_POINT('',(-3.41905,17.637293,1.51));
#1844 = DIRECTION('',(-0.,0.,-1.));
#1845 = DIRECTION('',(-0.,-1.,0.));
#1846 = FACE_BOUND('',#1847,.T.);
#1847 = EDGE_LOOP('',(#1848));
#1848 = ORIENTED_EDGE('',*,*,#1849,.T.);
#1849 = EDGE_CURVE('',#1850,#1850,#1852,.T.);
#1850 = VERTEX_POINT('',#1851);
#1851 = CARTESIAN_POINT('',(-0.87905,17.137293,1.51));
#1852 = CIRCLE('',#1853,0.5);
#1853 = AXIS2_PLACEMENT_3D('',#1854,#1855,#1856);
#1854 = CARTESIAN_POINT('',(-0.87905,17.637293,1.51));
#1855 = DIRECTION('',(-0.,0.,-1.));
#1856 = DIRECTION('',(2.22044604925E-16,-1.,-0.));
#1857 = FACE_BOUND('',#1858,.T.);
#1858 = EDGE_LOOP('',(#1859));
#1859 = ORIENTED_EDGE('',*,*,#1860,.T.);
#1860 = EDGE_CURVE('',#1861,#1861,#1863,.T.);
#1861 = VERTEX_POINT('',#1862);
#1862 = CARTESIAN_POINT('',(1.87745,5.241793,1.51));
#1863 = CIRCLE('',#1864,0.5);
#1864 = AXIS2_PLACEMENT_3D('',#1865,#1866,#1867);
#1865 = CARTESIAN_POINT('',(1.87745,5.741793,1.51));
#1866 = DIRECTION('',(-0.,0.,-1.));
#1867 = DIRECTION('',(-0.,-1.,0.));
#1868 = FACE_BOUND('',#1869,.T.);
#1869 = EDGE_LOOP('',(#1870));
#1870 = ORIENTED_EDGE('',*,*,#1871,.T.);
#1871 = EDGE_CURVE('',#1872,#1872,#1874,.T.);
#1872 = VERTEX_POINT('',#1873);
#1873 = CARTESIAN_POINT('',(4.41745,5.241793,1.51));
#1874 = CIRCLE('',#1875,0.5);
#1875 = AXIS2_PLACEMENT_3D('',#1876,#1877,#1878);
#1876 = CARTESIAN_POINT('',(4.41745,5.741793,1.51));
#1877 = DIRECTION('',(-0.,0.,-1.));
#1878 = DIRECTION('',(-0.,-1.,0.));
#1879 = FACE_BOUND('',#1880,.T.);
#1880 = EDGE_LOOP('',(#1881));
#1881 = ORIENTED_EDGE('',*,*,#1882,.T.);
#1882 = EDGE_CURVE('',#1883,#1883,#1885,.T.);
#1883 = VERTEX_POINT('',#1884);
#1884 = CARTESIAN_POINT('',(1.66095,17.137293,1.51));
#1885 = CIRCLE('',#1886,0.5);
#1886 = AXIS2_PLACEMENT_3D('',#1887,#1888,#1889);
#1887 = CARTESIAN_POINT('',(1.66095,17.637293,1.51));
#1888 = DIRECTION('',(-0.,0.,-1.));
#1889 = DIRECTION('',(-4.440892098501E-16,-1.,0.));
#1890 = FACE_BOUND('',#1891,.T.);
#1891 = EDGE_LOOP('',(#1892));
#1892 = ORIENTED_EDGE('',*,*,#1893,.T.);
#1893 = EDGE_CURVE('',#1894,#1894,#1896,.T.);
#1894 = VERTEX_POINT('',#1895);
#1895 = CARTESIAN_POINT('',(4.20095,17.137293,1.51));
#1896 = CIRCLE('',#1897,0.5);
#1897 = AXIS2_PLACEMENT_3D('',#1898,#1899,#1900);
#1898 = CARTESIAN_POINT('',(4.20095,17.637293,1.51));
#1899 = DIRECTION('',(-0.,0.,-1.));
#1900 = DIRECTION('',(-0.,-1.,0.));
#1901 = FACE_BOUND('',#1902,.T.);
#1902 = EDGE_LOOP('',(#1903));
#1903 = ORIENTED_EDGE('',*,*,#1904,.T.);
#1904 = EDGE_CURVE('',#1905,#1905,#1907,.T.);
#1905 = VERTEX_POINT('',#1906);
#1906 = CARTESIAN_POINT('',(16.66095,8.557293,1.51));
#1907 = CIRCLE('',#1908,0.5);
#1908 = AXIS2_PLACEMENT_3D('',#1909,#1910,#1911);
#1909 = CARTESIAN_POINT('',(16.66095,9.057293,1.51));
#1910 = DIRECTION('',(-0.,0.,-1.));
#1911 = DIRECTION('',(-0.,-1.,0.));
#1912 = FACE_BOUND('',#1913,.T.);
#1913 = EDGE_LOOP('',(#1914));
#1914 = ORIENTED_EDGE('',*,*,#1915,.T.);
#1915 = EDGE_CURVE('',#1916,#1916,#1918,.T.);
#1916 = VERTEX_POINT('',#1917);
#1917 = CARTESIAN_POINT('',(20.66095,8.517293,1.51));
#1918 = CIRCLE('',#1919,0.5);
#1919 = AXIS2_PLACEMENT_3D('',#1920,#1921,#1922);
#1920 = CARTESIAN_POINT('',(20.66095,9.017293,1.51));
#1921 = DIRECTION('',(-0.,0.,-1.));
#1922 = DIRECTION('',(-0.,-1.,0.));
#1923 = FACE_BOUND('',#1924,.T.);
#1924 = EDGE_LOOP('',(#1925));
#1925 = ORIENTED_EDGE('',*,*,#1926,.T.);
#1926 = EDGE_CURVE('',#1927,#1927,#1929,.T.);
#1927 = VERTEX_POINT('',#1928);
#1928 = CARTESIAN_POINT('',(16.66095,11.097293,1.51));
#1929 = CIRCLE('',#1930,0.5);
#1930 = AXIS2_PLACEMENT_3D('',#1931,#1932,#1933);
#1931 = CARTESIAN_POINT('',(16.66095,11.597293,1.51));
#1932 = DIRECTION('',(-0.,0.,-1.));
#1933 = DIRECTION('',(-0.,-1.,0.));
#1934 = FACE_BOUND('',#1935,.T.);
#1935 = EDGE_LOOP('',(#1936));
#1936 = ORIENTED_EDGE('',*,*,#1937,.T.);
#1937 = EDGE_CURVE('',#1938,#1938,#1940,.T.);
#1938 = VERTEX_POINT('',#1939);
#1939 = CARTESIAN_POINT('',(16.66095,13.637293,1.51));
#1940 = CIRCLE('',#1941,0.5);
#1941 = AXIS2_PLACEMENT_3D('',#1942,#1943,#1944);
#1942 = CARTESIAN_POINT('',(16.66095,14.137293,1.51));
#1943 = DIRECTION('',(-0.,0.,-1.));
#1944 = DIRECTION('',(-0.,-1.,0.));
#1945 = FACE_BOUND('',#1946,.T.);
#1946 = EDGE_LOOP('',(#1947));
#1947 = ORIENTED_EDGE('',*,*,#1948,.T.);
#1948 = EDGE_CURVE('',#1949,#1949,#1951,.T.);
#1949 = VERTEX_POINT('',#1950);
#1950 = CARTESIAN_POINT('',(16.66095,16.177293,1.51));
#1951 = CIRCLE('',#1952,0.5);
#1952 = AXIS2_PLACEMENT_3D('',#1953,#1954,#1955);
#1953 = CARTESIAN_POINT('',(16.66095,16.677293,1.51));
#1954 = DIRECTION('',(-0.,0.,-1.));
#1955 = DIRECTION('',(-0.,-1.,0.));
#1956 = FACE_BOUND('',#1957,.T.);
#1957 = EDGE_LOOP('',(#1958));
#1958 = ORIENTED_EDGE('',*,*,#1959,.T.);
#1959 = EDGE_CURVE('',#1960,#1960,#1962,.T.);
#1960 = VERTEX_POINT('',#1961);
#1961 = CARTESIAN_POINT('',(20.66095,11.057293,1.51));
#1962 = CIRCLE('',#1963,0.5);
#1963 = AXIS2_PLACEMENT_3D('',#1964,#1965,#1966);
#1964 = CARTESIAN_POINT('',(20.66095,11.557293,1.51));
#1965 = DIRECTION('',(-0.,0.,-1.));
#1966 = DIRECTION('',(-0.,-1.,0.));
#1967 = FACE_BOUND('',#1968,.T.);
#1968 = EDGE_LOOP('',(#1969));
#1969 = ORIENTED_EDGE('',*,*,#1970,.T.);
#1970 = EDGE_CURVE('',#1971,#1971,#1973,.T.);
#1971 = VERTEX_POINT('',#1972);
#1972 = CARTESIAN_POINT('',(20.66095,13.597293,1.51));
#1973 = CIRCLE('',#1974,0.5);
#1974 = AXIS2_PLACEMENT_3D('',#1975,#1976,#1977);
#1975 = CARTESIAN_POINT('',(20.66095,14.097293,1.51));
#1976 = DIRECTION('',(-0.,0.,-1.));
#1977 = DIRECTION('',(-0.,-1.,0.));
#1978 = FACE_BOUND('',#1979,.T.);
#1979 = EDGE_LOOP('',(#1980));
#1980 = ORIENTED_EDGE('',*,*,#1981,.T.);
#1981 = EDGE_CURVE('',#1982,#1982,#1984,.T.);
#1982 = VERTEX_POINT('',#1983);
#1983 = CARTESIAN_POINT('',(20.66095,16.137293,1.51));
#1984 = CIRCLE('',#1985,0.5);
#1985 = AXIS2_PLACEMENT_3D('',#1986,#1987,#1988);
#1986 = CARTESIAN_POINT('',(20.66095,16.637293,1.51));
#1987 = DIRECTION('',(-0.,0.,-1.));
#1988 = DIRECTION('',(-0.,-1.,0.));
#1989 = FACE_BOUND('',#1990,.T.);
#1990 = EDGE_LOOP('',(#1991));
#1991 = ORIENTED_EDGE('',*,*,#1992,.T.);
#1992 = EDGE_CURVE('',#1993,#1993,#1995,.T.);
#1993 = VERTEX_POINT('',#1994);
#1994 = CARTESIAN_POINT('',(4.58095,35.637293,1.51));
#1995 = CIRCLE('',#1996,0.5);
#1996 = AXIS2_PLACEMENT_3D('',#1997,#1998,#1999);
#1997 = CARTESIAN_POINT('',(4.58095,36.137293,1.51));
#1998 = DIRECTION('',(-0.,0.,-1.));
#1999 = DIRECTION('',(-0.,-1.,0.));
#2000 = FACE_BOUND('',#2001,.T.);
#2001 = EDGE_LOOP('',(#2002));
#2002 = ORIENTED_EDGE('',*,*,#2003,.T.);
#2003 = EDGE_CURVE('',#2004,#2004,#2006,.T.);
#2004 = VERTEX_POINT('',#2005);
#2005 = CARTESIAN_POINT('',(7.12095,35.637293,1.51));
#2006 = CIRCLE('',#2007,0.5);
#2007 = AXIS2_PLACEMENT_3D('',#2008,#2009,#2010);
#2008 = CARTESIAN_POINT('',(7.12095,36.137293,1.51));
#2009 = DIRECTION('',(-0.,0.,-1.));
#2010 = DIRECTION('',(-0.,-1.,0.));
#2011 = FACE_BOUND('',#2012,.T.);
#2012 = EDGE_LOOP('',(#2013));
#2013 = ORIENTED_EDGE('',*,*,#2014,.T.);
#2014 = EDGE_CURVE('',#2015,#2015,#2017,.T.);
#2015 = VERTEX_POINT('',#2016);
#2016 = CARTESIAN_POINT('',(9.66095,35.637293,1.51));
#2017 = CIRCLE('',#2018,0.5);
#2018 = AXIS2_PLACEMENT_3D('',#2019,#2020,#2021);
#2019 = CARTESIAN_POINT('',(9.66095,36.137293,1.51));
#2020 = DIRECTION('',(-0.,0.,-1.));
#2021 = DIRECTION('',(-0.,-1.,0.));
#2022 = FACE_BOUND('',#2023,.T.);
#2023 = EDGE_LOOP('',(#2024));
#2024 = ORIENTED_EDGE('',*,*,#2025,.T.);
#2025 = EDGE_CURVE('',#2026,#2026,#2028,.T.);
#2026 = VERTEX_POINT('',#2027);
#2027 = CARTESIAN_POINT('',(16.66095,21.247293,1.51));
#2028 = CIRCLE('',#2029,0.35);
#2029 = AXIS2_PLACEMENT_3D('',#2030,#2031,#2032);
#2030 = CARTESIAN_POINT('',(16.66095,21.597293,1.51));
#2031 = DIRECTION('',(-0.,0.,-1.));
#2032 = DIRECTION('',(-0.,-1.,0.));
#2033 = FACE_BOUND('',#2034,.T.);
#2034 = EDGE_LOOP('',(#2035));
#2035 = ORIENTED_EDGE('',*,*,#2036,.T.);
#2036 = EDGE_CURVE('',#2037,#2037,#2039,.T.);
#2037 = VERTEX_POINT('',#2038);
#2038 = CARTESIAN_POINT('',(16.66095,26.327293,1.51));
#2039 = CIRCLE('',#2040,0.35);
#2040 = AXIS2_PLACEMENT_3D('',#2041,#2042,#2043);
#2041 = CARTESIAN_POINT('',(16.66095,26.677293,1.51));
#2042 = DIRECTION('',(-0.,0.,-1.));
#2043 = DIRECTION('',(-0.,-1.,0.));
#2044 = FACE_BOUND('',#2045,.T.);
#2045 = EDGE_LOOP('',(#2046));
#2046 = ORIENTED_EDGE('',*,*,#2047,.T.);
#2047 = EDGE_CURVE('',#2048,#2048,#2050,.T.);
#2048 = VERTEX_POINT('',#2049);
#2049 = CARTESIAN_POINT('',(20.66095,25.362293,1.51));
#2050 = CIRCLE('',#2051,0.5);
#2051 = AXIS2_PLACEMENT_3D('',#2052,#2053,#2054);
#2052 = CARTESIAN_POINT('',(20.66095,25.862293,1.51));
#2053 = DIRECTION('',(-0.,0.,-1.));
#2054 = DIRECTION('',(-0.,-1.,0.));
#2055 = FACE_BOUND('',#2056,.T.);
#2056 = EDGE_LOOP('',(#2057));
#2057 = ORIENTED_EDGE('',*,*,#2058,.T.);
#2058 = EDGE_CURVE('',#2059,#2059,#2061,.T.);
#2059 = VERTEX_POINT('',#2060);
#2060 = CARTESIAN_POINT('',(13.16095,29.537293,1.51));
#2061 = CIRCLE('',#2062,1.1);
#2062 = AXIS2_PLACEMENT_3D('',#2063,#2064,#2065);
#2063 = CARTESIAN_POINT('',(13.16095,30.637293,1.51));
#2064 = DIRECTION('',(-0.,0.,-1.));
#2065 = DIRECTION('',(-0.,-1.,0.));
#2066 = FACE_BOUND('',#2067,.T.);
#2067 = EDGE_LOOP('',(#2068));
#2068 = ORIENTED_EDGE('',*,*,#2069,.T.);
#2069 = EDGE_CURVE('',#2070,#2070,#2072,.T.);
#2070 = VERTEX_POINT('',#2071);
#2071 = CARTESIAN_POINT('',(12.20095,35.637293,1.51));
#2072 = CIRCLE('',#2073,0.5);
#2073 = AXIS2_PLACEMENT_3D('',#2074,#2075,#2076);
#2074 = CARTESIAN_POINT('',(12.20095,36.137293,1.51));
#2075 = DIRECTION('',(-0.,0.,-1.));
#2076 = DIRECTION('',(-0.,-1.,0.));
#2077 = FACE_BOUND('',#2078,.T.);
#2078 = EDGE_LOOP('',(#2079));
#2079 = ORIENTED_EDGE('',*,*,#2080,.T.);
#2080 = EDGE_CURVE('',#2081,#2081,#2083,.T.);
#2081 = VERTEX_POINT('',#2082);
#2082 = CARTESIAN_POINT('',(14.74095,35.637293,1.51));
#2083 = CIRCLE('',#2084,0.5);
#2084 = AXIS2_PLACEMENT_3D('',#2085,#2086,#2087);
#2085 = CARTESIAN_POINT('',(14.74095,36.137293,1.51));
#2086 = DIRECTION('',(-0.,0.,-1.));
#2087 = DIRECTION('',(-0.,-1.,0.));
#2088 = FACE_BOUND('',#2089,.T.);
#2089 = EDGE_LOOP('',(#2090));
#2090 = ORIENTED_EDGE('',*,*,#2091,.T.);
#2091 = EDGE_CURVE('',#2092,#2092,#2094,.T.);
#2092 = VERTEX_POINT('',#2093);
#2093 = CARTESIAN_POINT('',(20.66095,27.902293,1.51));
#2094 = CIRCLE('',#2095,0.5);
#2095 = AXIS2_PLACEMENT_3D('',#2096,#2097,#2098);
#2096 = CARTESIAN_POINT('',(20.66095,28.402293,1.51));
#2097 = DIRECTION('',(-0.,0.,-1.));
#2098 = DIRECTION('',(-0.,-1.,0.));
#2099 = FACE_BOUND('',#2100,.T.);
#2100 = EDGE_LOOP('',(#2101));
#2101 = ORIENTED_EDGE('',*,*,#2102,.T.);
#2102 = EDGE_CURVE('',#2103,#2103,#2105,.T.);
#2103 = VERTEX_POINT('',#2104);
#2104 = CARTESIAN_POINT('',(17.28095,35.637293,1.51));
#2105 = CIRCLE('',#2106,0.5);
#2106 = AXIS2_PLACEMENT_3D('',#2107,#2108,#2109);
#2107 = CARTESIAN_POINT('',(17.28095,36.137293,1.51));
#2108 = DIRECTION('',(-0.,0.,-1.));
#2109 = DIRECTION('',(-0.,-1.,0.));
#2110 = PLANE('',#2111);
#2111 = AXIS2_PLACEMENT_3D('',#2112,#2113,#2114);
#2112 = CARTESIAN_POINT('',(0.,0.,1.51));
#2113 = DIRECTION('',(0.,0.,1.));
#2114 = DIRECTION('',(1.,0.,-0.));
#2115 = ADVANCED_FACE('',(#2116),#2127,.T.);
#2116 = FACE_BOUND('',#2117,.T.);
#2117 = EDGE_LOOP('',(#2118,#2124,#2125,#2126));
#2118 = ORIENTED_EDGE('',*,*,#2119,.T.);
#2119 = EDGE_CURVE('',#146,#1134,#2120,.T.);
#2120 = LINE('',#2121,#2122);
#2121 = CARTESIAN_POINT('',(0.19495,36.000002,0.));
#2122 = VECTOR('',#2123,1.);
#2123 = DIRECTION('',(0.,0.,1.));
#2124 = ORIENTED_EDGE('',*,*,#1133,.T.);
#2125 = ORIENTED_EDGE('',*,*,#81,.F.);
#2126 = ORIENTED_EDGE('',*,*,#145,.F.);
#2127 = CYLINDRICAL_SURFACE('',#2128,1.999998505848);
#2128 = AXIS2_PLACEMENT_3D('',#2129,#2130,#2131);
#2129 = CARTESIAN_POINT('',(2.194948505848,36.000001494152,0.));
#2130 = DIRECTION('',(0.,0.,-1.));
#2131 = DIRECTION('',(-1.,2.529244056352E-07,0.));
#2132 = ADVANCED_FACE('',(#2133),#2144,.T.);
#2133 = FACE_BOUND('',#2134,.T.);
#2134 = EDGE_LOOP('',(#2135,#2136,#2137,#2143));
#2135 = ORIENTED_EDGE('',*,*,#121,.T.);
#2136 = ORIENTED_EDGE('',*,*,#1356,.T.);
#2137 = ORIENTED_EDGE('',*,*,#2138,.F.);
#2138 = EDGE_CURVE('',#361,#1349,#2139,.T.);
#2139 = LINE('',#2140,#2141);
#2140 = CARTESIAN_POINT('',(22.33905,26.9,0.));
#2141 = VECTOR('',#2142,1.);
#2142 = DIRECTION('',(0.,0.,1.));
#2143 = ORIENTED_EDGE('',*,*,#368,.F.);
#2144 = PLANE('',#2145);
#2145 = AXIS2_PLACEMENT_3D('',#2146,#2147,#2148);
#2146 = CARTESIAN_POINT('',(23.33905,27.9,0.));
#2147 = DIRECTION('',(0.707106781187,-0.707106781187,0.));
#2148 = DIRECTION('',(-0.707106781187,-0.707106781187,0.));
#2149 = ADVANCED_FACE('',(#2150),#2161,.T.);
#2150 = FACE_BOUND('',#2151,.T.);
#2151 = EDGE_LOOP('',(#2152,#2158,#2159,#2160));
#2152 = ORIENTED_EDGE('',*,*,#2153,.T.);
#2153 = EDGE_CURVE('',#155,#1143,#2154,.T.);
#2154 = LINE('',#2155,#2156);
#2155 = CARTESIAN_POINT('',(0.19495,19.63729,0.));
#2156 = VECTOR('',#2157,1.);
#2157 = DIRECTION('',(0.,0.,1.));
#2158 = ORIENTED_EDGE('',*,*,#1142,.T.);
#2159 = ORIENTED_EDGE('',*,*,#2119,.F.);
#2160 = ORIENTED_EDGE('',*,*,#154,.F.);
#2161 = PLANE('',#2162);
#2162 = AXIS2_PLACEMENT_3D('',#2163,#2164,#2165);
#2163 = CARTESIAN_POINT('',(0.19495,19.63729,0.));
#2164 = DIRECTION('',(-1.,0.,0.));
#2165 = DIRECTION('',(0.,1.,0.));
#2166 = ADVANCED_FACE('',(#2167),#2178,.T.);
#2167 = FACE_BOUND('',#2168,.T.);
#2168 = EDGE_LOOP('',(#2169,#2170,#2171,#2177));
#2169 = ORIENTED_EDGE('',*,*,#2138,.T.);
#2170 = ORIENTED_EDGE('',*,*,#1348,.T.);
#2171 = ORIENTED_EDGE('',*,*,#2172,.F.);
#2172 = EDGE_CURVE('',#353,#1341,#2173,.T.);
#2173 = LINE('',#2174,#2175);
#2174 = CARTESIAN_POINT('',(23.33905,25.9,0.));
#2175 = VECTOR('',#2176,1.);
#2176 = DIRECTION('',(0.,0.,1.));
#2177 = ORIENTED_EDGE('',*,*,#360,.F.);
#2178 = PLANE('',#2179);
#2179 = AXIS2_PLACEMENT_3D('',#2180,#2181,#2182);
#2180 = CARTESIAN_POINT('',(22.33905,26.9,0.));
#2181 = DIRECTION('',(0.707106781187,0.707106781187,-0.));
#2182 = DIRECTION('',(0.707106781187,-0.707106781187,0.));
#2183 = ADVANCED_FACE('',(#2184),#2195,.T.);
#2184 = FACE_BOUND('',#2185,.T.);
#2185 = EDGE_LOOP('',(#2186,#2192,#2193,#2194));
#2186 = ORIENTED_EDGE('',*,*,#2187,.T.);
#2187 = EDGE_CURVE('',#163,#1151,#2188,.T.);
#2188 = LINE('',#2189,#2190);
#2189 = CARTESIAN_POINT('',(-8.17205,19.63729,0.));
#2190 = VECTOR('',#2191,1.);
#2191 = DIRECTION('',(0.,0.,1.));
#2192 = ORIENTED_EDGE('',*,*,#1150,.T.);
#2193 = ORIENTED_EDGE('',*,*,#2153,.F.);
#2194 = ORIENTED_EDGE('',*,*,#162,.F.);
#2195 = PLANE('',#2196);
#2196 = AXIS2_PLACEMENT_3D('',#2197,#2198,#2199);
#2197 = CARTESIAN_POINT('',(-8.17205,19.63729,0.));
#2198 = DIRECTION('',(0.,1.,0.));
#2199 = DIRECTION('',(1.,0.,0.));
#2200 = ADVANCED_FACE('',(#2201),#2212,.T.);
#2201 = FACE_BOUND('',#2202,.T.);
#2202 = EDGE_LOOP('',(#2203,#2204,#2205,#2211));
#2203 = ORIENTED_EDGE('',*,*,#2172,.T.);
#2204 = ORIENTED_EDGE('',*,*,#1340,.T.);
#2205 = ORIENTED_EDGE('',*,*,#2206,.F.);
#2206 = EDGE_CURVE('',#345,#1333,#2207,.T.);
#2207 = LINE('',#2208,#2209);
#2208 = CARTESIAN_POINT('',(23.33905,13.75,0.));
#2209 = VECTOR('',#2210,1.);
#2210 = DIRECTION('',(0.,0.,1.));
#2211 = ORIENTED_EDGE('',*,*,#352,.F.);
#2212 = PLANE('',#2213);
#2213 = AXIS2_PLACEMENT_3D('',#2214,#2215,#2216);
#2214 = CARTESIAN_POINT('',(23.33905,25.9,0.));
#2215 = DIRECTION('',(1.,0.,-0.));
#2216 = DIRECTION('',(0.,-1.,0.));
#2217 = ADVANCED_FACE('',(#2218),#2229,.T.);
#2218 = FACE_BOUND('',#2219,.T.);
#2219 = EDGE_LOOP('',(#2220,#2226,#2227,#2228));
#2220 = ORIENTED_EDGE('',*,*,#2221,.T.);
#2221 = EDGE_CURVE('',#171,#1159,#2222,.T.);
#2222 = LINE('',#2223,#2224);
#2223 = CARTESIAN_POINT('',(-8.17205,17.73729,0.));
#2224 = VECTOR('',#2225,1.);
#2225 = DIRECTION('',(0.,0.,1.));
#2226 = ORIENTED_EDGE('',*,*,#1158,.T.);
#2227 = ORIENTED_EDGE('',*,*,#2187,.F.);
#2228 = ORIENTED_EDGE('',*,*,#170,.F.);
#2229 = PLANE('',#2230);
#2230 = AXIS2_PLACEMENT_3D('',#2231,#2232,#2233);
#2231 = CARTESIAN_POINT('',(-8.17205,17.73729,0.));
#2232 = DIRECTION('',(-1.,0.,0.));
#2233 = DIRECTION('',(0.,1.,0.));
#2234 = ADVANCED_FACE('',(#2235),#2246,.T.);
#2235 = FACE_BOUND('',#2236,.T.);
#2236 = EDGE_LOOP('',(#2237,#2238,#2239,#2245));
#2237 = ORIENTED_EDGE('',*,*,#2206,.T.);
#2238 = ORIENTED_EDGE('',*,*,#1332,.T.);
#2239 = ORIENTED_EDGE('',*,*,#2240,.F.);
#2240 = EDGE_CURVE('',#337,#1325,#2241,.T.);
#2241 = LINE('',#2242,#2243);
#2242 = CARTESIAN_POINT('',(22.33905,12.75,0.));
#2243 = VECTOR('',#2244,1.);
#2244 = DIRECTION('',(0.,0.,1.));
#2245 = ORIENTED_EDGE('',*,*,#344,.F.);
#2246 = PLANE('',#2247);
#2247 = AXIS2_PLACEMENT_3D('',#2248,#2249,#2250);
#2248 = CARTESIAN_POINT('',(23.33905,13.75,0.));
#2249 = DIRECTION('',(0.707106781187,-0.707106781187,0.));
#2250 = DIRECTION('',(-0.707106781187,-0.707106781187,0.));
#2251 = ADVANCED_FACE('',(#2252),#2263,.F.);
#2252 = FACE_BOUND('',#2253,.T.);
#2253 = EDGE_LOOP('',(#2254,#2260,#2261,#2262));
#2254 = ORIENTED_EDGE('',*,*,#2255,.T.);
#2255 = EDGE_CURVE('',#179,#1167,#2256,.T.);
#2256 = LINE('',#2257,#2258);
#2257 = CARTESIAN_POINT('',(-15.97205,17.737289,0.));
#2258 = VECTOR('',#2259,1.);
#2259 = DIRECTION('',(0.,0.,1.));
#2260 = ORIENTED_EDGE('',*,*,#1166,.T.);
#2261 = ORIENTED_EDGE('',*,*,#2221,.F.);
#2262 = ORIENTED_EDGE('',*,*,#178,.F.);
#2263 = CYLINDRICAL_SURFACE('',#2264,3.9);
#2264 = AXIS2_PLACEMENT_3D('',#2265,#2266,#2267);
#2265 = CARTESIAN_POINT('',(-12.07205,17.73729,0.));
#2266 = DIRECTION('',(-0.,-0.,-1.));
#2267 = DIRECTION('',(-1.,-2.5641027216E-07,0.));
#2268 = ADVANCED_FACE('',(#2269),#2280,.T.);
#2269 = FACE_BOUND('',#2270,.T.);
#2270 = EDGE_LOOP('',(#2271,#2272,#2273,#2279));
#2271 = ORIENTED_EDGE('',*,*,#2240,.T.);
#2272 = ORIENTED_EDGE('',*,*,#1324,.T.);
#2273 = ORIENTED_EDGE('',*,*,#2274,.F.);
#2274 = EDGE_CURVE('',#329,#1317,#2275,.T.);
#2275 = LINE('',#2276,#2277);
#2276 = CARTESIAN_POINT('',(23.33905,11.75,0.));
#2277 = VECTOR('',#2278,1.);
#2278 = DIRECTION('',(0.,0.,1.));
#2279 = ORIENTED_EDGE('',*,*,#336,.F.);
#2280 = PLANE('',#2281);
#2281 = AXIS2_PLACEMENT_3D('',#2282,#2283,#2284);
#2282 = CARTESIAN_POINT('',(22.33905,12.75,0.));
#2283 = DIRECTION('',(0.707106781187,0.707106781187,-0.));
#2284 = DIRECTION('',(0.707106781187,-0.707106781187,0.));
#2285 = ADVANCED_FACE('',(#2286),#2297,.T.);
#2286 = FACE_BOUND('',#2287,.T.);
#2287 = EDGE_LOOP('',(#2288,#2294,#2295,#2296));
#2288 = ORIENTED_EDGE('',*,*,#2289,.T.);
#2289 = EDGE_CURVE('',#188,#1176,#2290,.T.);
#2290 = LINE('',#2291,#2292);
#2291 = CARTESIAN_POINT('',(-15.97205,19.63729,0.));
#2292 = VECTOR('',#2293,1.);
#2293 = DIRECTION('',(0.,0.,1.));
#2294 = ORIENTED_EDGE('',*,*,#1175,.T.);
#2295 = ORIENTED_EDGE('',*,*,#2255,.F.);
#2296 = ORIENTED_EDGE('',*,*,#187,.F.);
#2297 = PLANE('',#2298);
#2298 = AXIS2_PLACEMENT_3D('',#2299,#2300,#2301);
#2299 = CARTESIAN_POINT('',(-15.97205,19.63729,0.));
#2300 = DIRECTION('',(1.,0.,-0.));
#2301 = DIRECTION('',(0.,-1.,0.));
#2302 = ADVANCED_FACE('',(#2303),#2314,.T.);
#2303 = FACE_BOUND('',#2304,.T.);
#2304 = EDGE_LOOP('',(#2305,#2306,#2307,#2313));
#2305 = ORIENTED_EDGE('',*,*,#2274,.T.);
#2306 = ORIENTED_EDGE('',*,*,#1316,.T.);
#2307 = ORIENTED_EDGE('',*,*,#2308,.F.);
#2308 = EDGE_CURVE('',#321,#1309,#2309,.T.);
#2309 = LINE('',#2310,#2311);
#2310 = CARTESIAN_POINT('',(23.33905,-24.,0.));
#2311 = VECTOR('',#2312,1.);
#2312 = DIRECTION('',(0.,0.,1.));
#2313 = ORIENTED_EDGE('',*,*,#328,.F.);
#2314 = PLANE('',#2315);
#2315 = AXIS2_PLACEMENT_3D('',#2316,#2317,#2318);
#2316 = CARTESIAN_POINT('',(23.33905,11.75,0.));
#2317 = DIRECTION('',(1.,0.,-0.));
#2318 = DIRECTION('',(0.,-1.,0.));
#2319 = ADVANCED_FACE('',(#2320),#2331,.T.);
#2320 = FACE_BOUND('',#2321,.T.);
#2321 = EDGE_LOOP('',(#2322,#2328,#2329,#2330));
#2322 = ORIENTED_EDGE('',*,*,#2323,.T.);
#2323 = EDGE_CURVE('',#196,#1184,#2324,.T.);
#2324 = LINE('',#2325,#2326);
#2325 = CARTESIAN_POINT('',(-21.339052,19.63729,0.));
#2326 = VECTOR('',#2327,1.);
#2327 = DIRECTION('',(0.,0.,1.));
#2328 = ORIENTED_EDGE('',*,*,#1183,.T.);
#2329 = ORIENTED_EDGE('',*,*,#2289,.F.);
#2330 = ORIENTED_EDGE('',*,*,#195,.F.);
#2331 = PLANE('',#2332);
#2332 = AXIS2_PLACEMENT_3D('',#2333,#2334,#2335);
#2333 = CARTESIAN_POINT('',(-21.339052,19.63729,0.));
#2334 = DIRECTION('',(0.,1.,0.));
#2335 = DIRECTION('',(1.,0.,0.));
#2336 = ADVANCED_FACE('',(#2337),#2348,.T.);
#2337 = FACE_BOUND('',#2338,.T.);
#2338 = EDGE_LOOP('',(#2339,#2340,#2341,#2347));
#2339 = ORIENTED_EDGE('',*,*,#2308,.T.);
#2340 = ORIENTED_EDGE('',*,*,#1308,.T.);
#2341 = ORIENTED_EDGE('',*,*,#2342,.F.);
#2342 = EDGE_CURVE('',#313,#1301,#2343,.T.);
#2343 = LINE('',#2344,#2345);
#2344 = CARTESIAN_POINT('',(22.33905,-25.,0.));
#2345 = VECTOR('',#2346,1.);
#2346 = DIRECTION('',(0.,0.,1.));
#2347 = ORIENTED_EDGE('',*,*,#320,.F.);
#2348 = PLANE('',#2349);
#2349 = AXIS2_PLACEMENT_3D('',#2350,#2351,#2352);
#2350 = CARTESIAN_POINT('',(23.33905,-24.,0.));
#2351 = DIRECTION('',(0.707106781187,-0.707106781187,0.));
#2352 = DIRECTION('',(-0.707106781187,-0.707106781187,0.));
#2353 = ADVANCED_FACE('',(#2354),#2365,.T.);
#2354 = FACE_BOUND('',#2355,.T.);
#2355 = EDGE_LOOP('',(#2356,#2362,#2363,#2364));
#2356 = ORIENTED_EDGE('',*,*,#2357,.T.);
#2357 = EDGE_CURVE('',#204,#1192,#2358,.T.);
#2358 = LINE('',#2359,#2360);
#2359 = CARTESIAN_POINT('',(-23.33905,17.637292,0.));
#2360 = VECTOR('',#2361,1.);
#2361 = DIRECTION('',(0.,0.,1.));
#2362 = ORIENTED_EDGE('',*,*,#1191,.T.);
#2363 = ORIENTED_EDGE('',*,*,#2323,.F.);
#2364 = ORIENTED_EDGE('',*,*,#203,.F.);
#2365 = CYLINDRICAL_SURFACE('',#2366,1.999998505849);
#2366 = AXIS2_PLACEMENT_3D('',#2367,#2368,#2369);
#2367 = CARTESIAN_POINT('',(-21.33905149415,17.637291494152,0.));
#2368 = DIRECTION('',(0.,0.,-1.));
#2369 = DIRECTION('',(-1.,2.529244074116E-07,0.));
#2370 = ADVANCED_FACE('',(#2371),#2382,.T.);
#2371 = FACE_BOUND('',#2372,.T.);
#2372 = EDGE_LOOP('',(#2373,#2374,#2375,#2381));
#2373 = ORIENTED_EDGE('',*,*,#2342,.T.);
#2374 = ORIENTED_EDGE('',*,*,#1300,.T.);
#2375 = ORIENTED_EDGE('',*,*,#2376,.F.);
#2376 = EDGE_CURVE('',#305,#1293,#2377,.T.);
#2377 = LINE('',#2378,#2379);
#2378 = CARTESIAN_POINT('',(23.33905,-26.,0.));
#2379 = VECTOR('',#2380,1.);
#2380 = DIRECTION('',(0.,0.,1.));
#2381 = ORIENTED_EDGE('',*,*,#312,.F.);
#2382 = PLANE('',#2383);
#2383 = AXIS2_PLACEMENT_3D('',#2384,#2385,#2386);
#2384 = CARTESIAN_POINT('',(22.33905,-25.,0.));
#2385 = DIRECTION('',(0.707106781187,0.707106781187,-0.));
#2386 = DIRECTION('',(0.707106781187,-0.707106781187,0.));
#2387 = ADVANCED_FACE('',(#2388),#2399,.T.);
#2388 = FACE_BOUND('',#2389,.T.);
#2389 = EDGE_LOOP('',(#2390,#2396,#2397,#2398));
#2390 = ORIENTED_EDGE('',*,*,#2391,.T.);
#2391 = EDGE_CURVE('',#213,#1201,#2392,.T.);
#2392 = LINE('',#2393,#2394);
#2393 = CARTESIAN_POINT('',(-23.33905,-3.362707,0.));
#2394 = VECTOR('',#2395,1.);
#2395 = DIRECTION('',(0.,0.,1.));
#2396 = ORIENTED_EDGE('',*,*,#1200,.T.);
#2397 = ORIENTED_EDGE('',*,*,#2357,.F.);
#2398 = ORIENTED_EDGE('',*,*,#212,.F.);
#2399 = PLANE('',#2400);
#2400 = AXIS2_PLACEMENT_3D('',#2401,#2402,#2403);
#2401 = CARTESIAN_POINT('',(-23.33905,-3.362707,0.));
#2402 = DIRECTION('',(-1.,0.,0.));
#2403 = DIRECTION('',(0.,1.,0.));
#2404 = ADVANCED_FACE('',(#2405),#2416,.T.);
#2405 = FACE_BOUND('',#2406,.T.);
#2406 = EDGE_LOOP('',(#2407,#2408,#2409,#2415));
#2407 = ORIENTED_EDGE('',*,*,#2376,.T.);
#2408 = ORIENTED_EDGE('',*,*,#1292,.T.);
#2409 = ORIENTED_EDGE('',*,*,#2410,.F.);
#2410 = EDGE_CURVE('',#296,#1284,#2411,.T.);
#2411 = LINE('',#2412,#2413);
#2412 = CARTESIAN_POINT('',(23.33905,-36.,0.));
#2413 = VECTOR('',#2414,1.);
#2414 = DIRECTION('',(0.,0.,1.));
#2415 = ORIENTED_EDGE('',*,*,#304,.F.);
#2416 = PLANE('',#2417);
#2417 = AXIS2_PLACEMENT_3D('',#2418,#2419,#2420);
#2418 = CARTESIAN_POINT('',(23.33905,-26.,0.));
#2419 = DIRECTION('',(1.,0.,-0.));
#2420 = DIRECTION('',(0.,-1.,0.));
#2421 = ADVANCED_FACE('',(#2422),#2433,.T.);
#2422 = FACE_BOUND('',#2423,.T.);
#2423 = EDGE_LOOP('',(#2424,#2430,#2431,#2432));
#2424 = ORIENTED_EDGE('',*,*,#2425,.T.);
#2425 = EDGE_CURVE('',#221,#1209,#2426,.T.);
#2426 = LINE('',#2427,#2428);
#2427 = CARTESIAN_POINT('',(-21.339048,-5.36271,0.));
#2428 = VECTOR('',#2429,1.);
#2429 = DIRECTION('',(0.,0.,1.));
#2430 = ORIENTED_EDGE('',*,*,#1208,.T.);
#2431 = ORIENTED_EDGE('',*,*,#2391,.F.);
#2432 = ORIENTED_EDGE('',*,*,#220,.F.);
#2433 = CYLINDRICAL_SURFACE('',#2434,2.000001920062);
#2434 = AXIS2_PLACEMENT_3D('',#2435,#2436,#2437);
#2435 = CARTESIAN_POINT('',(-21.33904807993,-3.362708079938,0.));
#2436 = DIRECTION('',(0.,0.,-1.));
#2437 = DIRECTION('',(3.996893376056E-08,-1.,0.));
#2438 = ADVANCED_FACE('',(#2439),#2450,.T.);
#2439 = FACE_BOUND('',#2440,.T.);
#2440 = EDGE_LOOP('',(#2441,#2442,#2443,#2449));
#2441 = ORIENTED_EDGE('',*,*,#2410,.T.);
#2442 = ORIENTED_EDGE('',*,*,#1283,.T.);
#2443 = ORIENTED_EDGE('',*,*,#2444,.F.);
#2444 = EDGE_CURVE('',#288,#1276,#2445,.T.);
#2445 = LINE('',#2446,#2447);
#2446 = CARTESIAN_POINT('',(21.33905,-38.,0.));
#2447 = VECTOR('',#2448,1.);
#2448 = DIRECTION('',(0.,0.,1.));
#2449 = ORIENTED_EDGE('',*,*,#295,.F.);
#2450 = CYLINDRICAL_SURFACE('',#2451,1.99999850585);
#2451 = AXIS2_PLACEMENT_3D('',#2452,#2453,#2454);
#2452 = CARTESIAN_POINT('',(21.33905149415,-36.00000149415,0.));
#2453 = DIRECTION('',(0.,0.,-1.));
#2454 = DIRECTION('',(1.,7.470757420593E-07,0.));
#2455 = ADVANCED_FACE('',(#2456),#2467,.T.);
#2456 = FACE_BOUND('',#2457,.T.);
#2457 = EDGE_LOOP('',(#2458,#2464,#2465,#2466));
#2458 = ORIENTED_EDGE('',*,*,#2459,.T.);
#2459 = EDGE_CURVE('',#230,#1218,#2460,.T.);
#2460 = LINE('',#2461,#2462);
#2461 = CARTESIAN_POINT('',(-20.660949,-5.36271,0.));
#2462 = VECTOR('',#2463,1.);
#2463 = DIRECTION('',(0.,0.,1.));
#2464 = ORIENTED_EDGE('',*,*,#1217,.T.);
#2465 = ORIENTED_EDGE('',*,*,#2425,.F.);
#2466 = ORIENTED_EDGE('',*,*,#229,.F.);
#2467 = PLANE('',#2468);
#2468 = AXIS2_PLACEMENT_3D('',#2469,#2470,#2471);
#2469 = CARTESIAN_POINT('',(-20.660949,-5.36271,0.));
#2470 = DIRECTION('',(0.,-1.,0.));
#2471 = DIRECTION('',(-1.,0.,0.));
#2472 = ADVANCED_FACE('',(#2473),#2484,.T.);
#2473 = FACE_BOUND('',#2474,.T.);
#2474 = EDGE_LOOP('',(#2475,#2476,#2477,#2483));
#2475 = ORIENTED_EDGE('',*,*,#2444,.T.);
#2476 = ORIENTED_EDGE('',*,*,#1275,.T.);
#2477 = ORIENTED_EDGE('',*,*,#2478,.F.);
#2478 = EDGE_CURVE('',#279,#1267,#2479,.T.);
#2479 = LINE('',#2480,#2481);
#2480 = CARTESIAN_POINT('',(-16.660952,-38.,0.));
#2481 = VECTOR('',#2482,1.);
#2482 = DIRECTION('',(0.,0.,1.));
#2483 = ORIENTED_EDGE('',*,*,#287,.F.);
#2484 = PLANE('',#2485);
#2485 = AXIS2_PLACEMENT_3D('',#2486,#2487,#2488);
#2486 = CARTESIAN_POINT('',(21.33905,-38.,0.));
#2487 = DIRECTION('',(0.,-1.,0.));
#2488 = DIRECTION('',(-1.,0.,0.));
#2489 = ADVANCED_FACE('',(#2490),#2501,.F.);
#2490 = FACE_BOUND('',#2491,.T.);
#2491 = EDGE_LOOP('',(#2492,#2498,#2499,#2500));
#2492 = ORIENTED_EDGE('',*,*,#2493,.T.);
#2493 = EDGE_CURVE('',#238,#1226,#2494,.T.);
#2494 = LINE('',#2495,#2496);
#2495 = CARTESIAN_POINT('',(-18.66095,-7.362709,0.));
#2496 = VECTOR('',#2497,1.);
#2497 = DIRECTION('',(0.,0.,1.));
#2498 = ORIENTED_EDGE('',*,*,#1225,.T.);
#2499 = ORIENTED_EDGE('',*,*,#2459,.F.);
#2500 = ORIENTED_EDGE('',*,*,#237,.F.);
#2501 = CYLINDRICAL_SURFACE('',#2502,1.999998505848);
#2502 = AXIS2_PLACEMENT_3D('',#2503,#2504,#2505);
#2503 = CARTESIAN_POINT('',(-20.66094850584,-7.362708505848,0.));
#2504 = DIRECTION('',(-0.,-0.,-1.));
#2505 = DIRECTION('',(1.,-2.47075968861E-07,0.));
#2506 = ADVANCED_FACE('',(#2507),#2518,.T.);
#2507 = FACE_BOUND('',#2508,.T.);
#2508 = EDGE_LOOP('',(#2509,#2510,#2511,#2517));
#2509 = ORIENTED_EDGE('',*,*,#2478,.T.);
#2510 = ORIENTED_EDGE('',*,*,#1266,.T.);
#2511 = ORIENTED_EDGE('',*,*,#2512,.F.);
#2512 = EDGE_CURVE('',#271,#1259,#2513,.T.);
#2513 = LINE('',#2514,#2515);
#2514 = CARTESIAN_POINT('',(-18.66095,-36.000002,0.));
#2515 = VECTOR('',#2516,1.);
#2516 = DIRECTION('',(0.,0.,1.));
#2517 = ORIENTED_EDGE('',*,*,#278,.F.);
#2518 = CYLINDRICAL_SURFACE('',#2519,1.999998505848);
#2519 = AXIS2_PLACEMENT_3D('',#2520,#2521,#2522);
#2520 = CARTESIAN_POINT('',(-16.66095149415,-36.00000149415,0.));
#2521 = DIRECTION('',(0.,0.,-1.));
#2522 = DIRECTION('',(-2.529244074116E-07,-1.,-0.));
#2523 = ADVANCED_FACE('',(#2524),#2535,.T.);
#2524 = FACE_BOUND('',#2525,.T.);
#2525 = EDGE_LOOP('',(#2526,#2532,#2533,#2534));
#2526 = ORIENTED_EDGE('',*,*,#2527,.T.);
#2527 = EDGE_CURVE('',#247,#1235,#2528,.T.);
#2528 = LINE('',#2529,#2530);
#2529 = CARTESIAN_POINT('',(-18.66095,-25.7,0.));
#2530 = VECTOR('',#2531,1.);
#2531 = DIRECTION('',(0.,0.,1.));
#2532 = ORIENTED_EDGE('',*,*,#1234,.T.);
#2533 = ORIENTED_EDGE('',*,*,#2493,.F.);
#2534 = ORIENTED_EDGE('',*,*,#246,.F.);
#2535 = PLANE('',#2536);
#2536 = AXIS2_PLACEMENT_3D('',#2537,#2538,#2539);
#2537 = CARTESIAN_POINT('',(-18.66095,-25.7,0.));
#2538 = DIRECTION('',(-1.,0.,0.));
#2539 = DIRECTION('',(0.,1.,0.));
#2540 = ADVANCED_FACE('',(#2541),#2552,.T.);
#2541 = FACE_BOUND('',#2542,.T.);
#2542 = EDGE_LOOP('',(#2543,#2544,#2545,#2551));
#2543 = ORIENTED_EDGE('',*,*,#2512,.T.);
#2544 = ORIENTED_EDGE('',*,*,#1258,.T.);
#2545 = ORIENTED_EDGE('',*,*,#2546,.F.);
#2546 = EDGE_CURVE('',#263,#1251,#2547,.T.);
#2547 = LINE('',#2548,#2549);
#2548 = CARTESIAN_POINT('',(-18.66095,-27.7,0.));
#2549 = VECTOR('',#2550,1.);
#2550 = DIRECTION('',(0.,0.,1.));
#2551 = ORIENTED_EDGE('',*,*,#270,.F.);
#2552 = PLANE('',#2553);
#2553 = AXIS2_PLACEMENT_3D('',#2554,#2555,#2556);
#2554 = CARTESIAN_POINT('',(-18.66095,-36.000002,0.));
#2555 = DIRECTION('',(-1.,0.,0.));
#2556 = DIRECTION('',(0.,1.,0.));
#2557 = ADVANCED_FACE('',(#2558),#2569,.T.);
#2558 = FACE_BOUND('',#2559,.T.);
#2559 = EDGE_LOOP('',(#2560,#2566,#2567,#2568));
#2560 = ORIENTED_EDGE('',*,*,#2561,.T.);
#2561 = EDGE_CURVE('',#255,#1243,#2562,.T.);
#2562 = LINE('',#2563,#2564);
#2563 = CARTESIAN_POINT('',(-17.66095,-26.7,0.));
#2564 = VECTOR('',#2565,1.);
#2565 = DIRECTION('',(0.,0.,1.));
#2566 = ORIENTED_EDGE('',*,*,#1242,.T.);
#2567 = ORIENTED_EDGE('',*,*,#2527,.F.);
#2568 = ORIENTED_EDGE('',*,*,#254,.F.);
#2569 = PLANE('',#2570);
#2570 = AXIS2_PLACEMENT_3D('',#2571,#2572,#2573);
#2571 = CARTESIAN_POINT('',(-17.66095,-26.7,0.));
#2572 = DIRECTION('',(-0.707106781187,-0.707106781187,0.));
#2573 = DIRECTION('',(-0.707106781187,0.707106781187,0.));
#2574 = ADVANCED_FACE('',(#2575),#2581,.T.);
#2575 = FACE_BOUND('',#2576,.T.);
#2576 = EDGE_LOOP('',(#2577,#2578,#2579,#2580));
#2577 = ORIENTED_EDGE('',*,*,#2546,.T.);
#2578 = ORIENTED_EDGE('',*,*,#1250,.T.);
#2579 = ORIENTED_EDGE('',*,*,#2561,.F.);
#2580 = ORIENTED_EDGE('',*,*,#262,.F.);
#2581 = PLANE('',#2582);
#2582 = AXIS2_PLACEMENT_3D('',#2583,#2584,#2585);
#2583 = CARTESIAN_POINT('',(-18.66095,-27.7,0.));
#2584 = DIRECTION('',(-0.707106781187,0.707106781187,0.));
#2585 = DIRECTION('',(0.707106781187,0.707106781187,0.));
#2586 = ADVANCED_FACE('',(#2587),#2598,.F.);
#2587 = FACE_BOUND('',#2588,.T.);
#2588 = EDGE_LOOP('',(#2589,#2590,#2596,#2597));
#2589 = ORIENTED_EDGE('',*,*,#377,.T.);
#2590 = ORIENTED_EDGE('',*,*,#2591,.T.);
#2591 = EDGE_CURVE('',#378,#1366,#2592,.T.);
#2592 = LINE('',#2593,#2594);
#2593 = CARTESIAN_POINT('',(-15.33905,-35.962707,-4.6E-02));
#2594 = VECTOR('',#2595,1.);
#2595 = DIRECTION('',(0.,0.,1.));
#2596 = ORIENTED_EDGE('',*,*,#1365,.F.);
#2597 = ORIENTED_EDGE('',*,*,#2591,.F.);
#2598 = CYLINDRICAL_SURFACE('',#2599,1.1);
#2599 = AXIS2_PLACEMENT_3D('',#2600,#2601,#2602);
#2600 = CARTESIAN_POINT('',(-15.33905,-34.862707,-4.6E-02));
#2601 = DIRECTION('',(-0.,-0.,-1.));
#2602 = DIRECTION('',(-0.,-1.,0.));
#2603 = ADVANCED_FACE('',(#2604),#2615,.F.);
#2604 = FACE_BOUND('',#2605,.T.);
#2605 = EDGE_LOOP('',(#2606,#2607,#2613,#2614));
#2606 = ORIENTED_EDGE('',*,*,#388,.T.);
#2607 = ORIENTED_EDGE('',*,*,#2608,.T.);
#2608 = EDGE_CURVE('',#389,#1377,#2609,.T.);
#2609 = LINE('',#2610,#2611);
#2610 = CARTESIAN_POINT('',(-15.83905,-29.902707,-4.6E-02));
#2611 = VECTOR('',#2612,1.);
#2612 = DIRECTION('',(0.,0.,1.));
#2613 = ORIENTED_EDGE('',*,*,#1376,.F.);
#2614 = ORIENTED_EDGE('',*,*,#2608,.F.);
#2615 = CYLINDRICAL_SURFACE('',#2616,0.5);
#2616 = AXIS2_PLACEMENT_3D('',#2617,#2618,#2619);
#2617 = CARTESIAN_POINT('',(-15.83905,-29.402707,-4.6E-02));
#2618 = DIRECTION('',(-0.,-0.,-1.));
#2619 = DIRECTION('',(-0.,-1.,0.));
#2620 = ADVANCED_FACE('',(#2621),#2632,.F.);
#2621 = FACE_BOUND('',#2622,.T.);
#2622 = EDGE_LOOP('',(#2623,#2624,#2630,#2631));
#2623 = ORIENTED_EDGE('',*,*,#399,.T.);
#2624 = ORIENTED_EDGE('',*,*,#2625,.T.);
#2625 = EDGE_CURVE('',#400,#1388,#2626,.T.);
#2626 = LINE('',#2627,#2628);
#2627 = CARTESIAN_POINT('',(-16.33905,-23.127707,-4.6E-02));
#2628 = VECTOR('',#2629,1.);
#2629 = DIRECTION('',(0.,0.,1.));
#2630 = ORIENTED_EDGE('',*,*,#1387,.F.);
#2631 = ORIENTED_EDGE('',*,*,#2625,.F.);
#2632 = CYLINDRICAL_SURFACE('',#2633,0.5);
#2633 = AXIS2_PLACEMENT_3D('',#2634,#2635,#2636);
#2634 = CARTESIAN_POINT('',(-16.33905,-22.627707,-4.6E-02));
#2635 = DIRECTION('',(-0.,-0.,-1.));
#2636 = DIRECTION('',(-0.,-1.,0.));
#2637 = ADVANCED_FACE('',(#2638),#2649,.F.);
#2638 = FACE_BOUND('',#2639,.T.);
#2639 = EDGE_LOOP('',(#2640,#2641,#2647,#2648));
#2640 = ORIENTED_EDGE('',*,*,#410,.T.);
#2641 = ORIENTED_EDGE('',*,*,#2642,.T.);
#2642 = EDGE_CURVE('',#411,#1399,#2643,.T.);
#2643 = LINE('',#2644,#2645);
#2644 = CARTESIAN_POINT('',(-16.33905,-20.587707,-4.6E-02));
#2645 = VECTOR('',#2646,1.);
#2646 = DIRECTION('',(0.,0.,1.));
#2647 = ORIENTED_EDGE('',*,*,#1398,.F.);
#2648 = ORIENTED_EDGE('',*,*,#2642,.F.);
#2649 = CYLINDRICAL_SURFACE('',#2650,0.5);
#2650 = AXIS2_PLACEMENT_3D('',#2651,#2652,#2653);
#2651 = CARTESIAN_POINT('',(-16.33905,-20.087707,-4.6E-02));
#2652 = DIRECTION('',(-0.,-0.,-1.));
#2653 = DIRECTION('',(-0.,-1.,0.));
#2654 = ADVANCED_FACE('',(#2655),#2666,.F.);
#2655 = FACE_BOUND('',#2656,.T.);
#2656 = EDGE_LOOP('',(#2657,#2658,#2664,#2665));
#2657 = ORIENTED_EDGE('',*,*,#421,.T.);
#2658 = ORIENTED_EDGE('',*,*,#2659,.T.);
#2659 = EDGE_CURVE('',#422,#1410,#2660,.T.);
#2660 = LINE('',#2661,#2662);
#2661 = CARTESIAN_POINT('',(-15.83905,-27.362707,-4.6E-02));
#2662 = VECTOR('',#2663,1.);
#2663 = DIRECTION('',(0.,0.,1.));
#2664 = ORIENTED_EDGE('',*,*,#1409,.F.);
#2665 = ORIENTED_EDGE('',*,*,#2659,.F.);
#2666 = CYLINDRICAL_SURFACE('',#2667,0.5);
#2667 = AXIS2_PLACEMENT_3D('',#2668,#2669,#2670);
#2668 = CARTESIAN_POINT('',(-15.83905,-26.862707,-4.6E-02));
#2669 = DIRECTION('',(-0.,-0.,-1.));
#2670 = DIRECTION('',(-0.,-1.,0.));
#2671 = ADVANCED_FACE('',(#2672),#2683,.F.);
#2672 = FACE_BOUND('',#2673,.T.);
#2673 = EDGE_LOOP('',(#2674,#2675,#2681,#2682));
#2674 = ORIENTED_EDGE('',*,*,#432,.T.);
#2675 = ORIENTED_EDGE('',*,*,#2676,.T.);
#2676 = EDGE_CURVE('',#433,#1421,#2677,.T.);
#2677 = LINE('',#2678,#2679);
#2678 = CARTESIAN_POINT('',(-3.45905,-26.862707,-4.6E-02));
#2679 = VECTOR('',#2680,1.);
#2680 = DIRECTION('',(0.,0.,1.));
#2681 = ORIENTED_EDGE('',*,*,#1420,.F.);
#2682 = ORIENTED_EDGE('',*,*,#2676,.F.);
#2683 = CYLINDRICAL_SURFACE('',#2684,0.5);
#2684 = AXIS2_PLACEMENT_3D('',#2685,#2686,#2687);
#2685 = CARTESIAN_POINT('',(-3.45905,-26.362707,-4.6E-02));
#2686 = DIRECTION('',(-0.,-0.,-1.));
#2687 = DIRECTION('',(-0.,-1.,0.));
#2688 = ADVANCED_FACE('',(#2689),#2700,.F.);
#2689 = FACE_BOUND('',#2690,.T.);
#2690 = EDGE_LOOP('',(#2691,#2692,#2698,#2699));
#2691 = ORIENTED_EDGE('',*,*,#443,.T.);
#2692 = ORIENTED_EDGE('',*,*,#2693,.T.);
#2693 = EDGE_CURVE('',#444,#1432,#2694,.T.);
#2694 = LINE('',#2695,#2696);
#2695 = CARTESIAN_POINT('',(-0.91905,-26.862707,-4.6E-02));
#2696 = VECTOR('',#2697,1.);
#2697 = DIRECTION('',(0.,0.,1.));
#2698 = ORIENTED_EDGE('',*,*,#1431,.F.);
#2699 = ORIENTED_EDGE('',*,*,#2693,.F.);
#2700 = CYLINDRICAL_SURFACE('',#2701,0.5);
#2701 = AXIS2_PLACEMENT_3D('',#2702,#2703,#2704);
#2702 = CARTESIAN_POINT('',(-0.91905,-26.362707,-4.6E-02));
#2703 = DIRECTION('',(-0.,-0.,-1.));
#2704 = DIRECTION('',(-2.22044604925E-16,-1.,0.));
#2705 = ADVANCED_FACE('',(#2706),#2717,.F.);
#2706 = FACE_BOUND('',#2707,.T.);
#2707 = EDGE_LOOP('',(#2708,#2709,#2715,#2716));
#2708 = ORIENTED_EDGE('',*,*,#454,.T.);
#2709 = ORIENTED_EDGE('',*,*,#2710,.T.);
#2710 = EDGE_CURVE('',#455,#1443,#2711,.T.);
#2711 = LINE('',#2712,#2713);
#2712 = CARTESIAN_POINT('',(-2.08905,-23.262707,-4.6E-02));
#2713 = VECTOR('',#2714,1.);
#2714 = DIRECTION('',(0.,0.,1.));
#2715 = ORIENTED_EDGE('',*,*,#1442,.F.);
#2716 = ORIENTED_EDGE('',*,*,#2710,.F.);
#2717 = CYLINDRICAL_SURFACE('',#2718,0.4);
#2718 = AXIS2_PLACEMENT_3D('',#2719,#2720,#2721);
#2719 = CARTESIAN_POINT('',(-2.08905,-22.862707,-4.6E-02));
#2720 = DIRECTION('',(-0.,0.,-1.));
#2721 = DIRECTION('',(1.110223024625E-15,-1.,-0.));
#2722 = ADVANCED_FACE('',(#2723),#2734,.F.);
#2723 = FACE_BOUND('',#2724,.T.);
#2724 = EDGE_LOOP('',(#2725,#2726,#2732,#2733));
#2725 = ORIENTED_EDGE('',*,*,#465,.T.);
#2726 = ORIENTED_EDGE('',*,*,#2727,.T.);
#2727 = EDGE_CURVE('',#466,#1454,#2728,.T.);
#2728 = LINE('',#2729,#2730);
#2729 = CARTESIAN_POINT('',(-16.33905,-15.752707,-4.6E-02));
#2730 = VECTOR('',#2731,1.);
#2731 = DIRECTION('',(0.,0.,1.));
#2732 = ORIENTED_EDGE('',*,*,#1453,.F.);
#2733 = ORIENTED_EDGE('',*,*,#2727,.F.);
#2734 = CYLINDRICAL_SURFACE('',#2735,0.35);
#2735 = AXIS2_PLACEMENT_3D('',#2736,#2737,#2738);
#2736 = CARTESIAN_POINT('',(-16.33905,-15.402707,-4.6E-02));
#2737 = DIRECTION('',(-0.,-0.,-1.));
#2738 = DIRECTION('',(-0.,-1.,0.));
#2739 = ADVANCED_FACE('',(#2740),#2751,.F.);
#2740 = FACE_BOUND('',#2741,.T.);
#2741 = EDGE_LOOP('',(#2742,#2743,#2749,#2750));
#2742 = ORIENTED_EDGE('',*,*,#476,.T.);
#2743 = ORIENTED_EDGE('',*,*,#2744,.T.);
#2744 = EDGE_CURVE('',#477,#1465,#2745,.T.);
#2745 = LINE('',#2746,#2747);
#2746 = CARTESIAN_POINT('',(-16.33905,-10.672707,-4.6E-02));
#2747 = VECTOR('',#2748,1.);
#2748 = DIRECTION('',(0.,0.,1.));
#2749 = ORIENTED_EDGE('',*,*,#1464,.F.);
#2750 = ORIENTED_EDGE('',*,*,#2744,.F.);
#2751 = CYLINDRICAL_SURFACE('',#2752,0.35);
#2752 = AXIS2_PLACEMENT_3D('',#2753,#2754,#2755);
#2753 = CARTESIAN_POINT('',(-16.33905,-10.322707,-4.6E-02));
#2754 = DIRECTION('',(-0.,-0.,-1.));
#2755 = DIRECTION('',(-0.,-1.,0.));
#2756 = ADVANCED_FACE('',(#2757),#2768,.F.);
#2757 = FACE_BOUND('',#2758,.T.);
#2758 = EDGE_LOOP('',(#2759,#2760,#2766,#2767));
#2759 = ORIENTED_EDGE('',*,*,#487,.T.);
#2760 = ORIENTED_EDGE('',*,*,#2761,.T.);
#2761 = EDGE_CURVE('',#488,#1476,#2762,.T.);
#2762 = LINE('',#2763,#2764);
#2763 = CARTESIAN_POINT('',(-11.33905,-15.752707,-4.6E-02));
#2764 = VECTOR('',#2765,1.);
#2765 = DIRECTION('',(0.,0.,1.));
#2766 = ORIENTED_EDGE('',*,*,#1475,.F.);
#2767 = ORIENTED_EDGE('',*,*,#2761,.F.);
#2768 = CYLINDRICAL_SURFACE('',#2769,0.35);
#2769 = AXIS2_PLACEMENT_3D('',#2770,#2771,#2772);
#2770 = CARTESIAN_POINT('',(-11.33905,-15.402707,-4.6E-02));
#2771 = DIRECTION('',(-0.,-0.,-1.));
#2772 = DIRECTION('',(-0.,-1.,0.));
#2773 = ADVANCED_FACE('',(#2774),#2785,.F.);
#2774 = FACE_BOUND('',#2775,.T.);
#2775 = EDGE_LOOP('',(#2776,#2777,#2783,#2784));
#2776 = ORIENTED_EDGE('',*,*,#498,.T.);
#2777 = ORIENTED_EDGE('',*,*,#2778,.T.);
#2778 = EDGE_CURVE('',#499,#1487,#2779,.T.);
#2779 = LINE('',#2780,#2781);
#2780 = CARTESIAN_POINT('',(-11.33905,-10.672707,-4.6E-02));
#2781 = VECTOR('',#2782,1.);
#2782 = DIRECTION('',(0.,0.,1.));
#2783 = ORIENTED_EDGE('',*,*,#1486,.F.);
#2784 = ORIENTED_EDGE('',*,*,#2778,.F.);
#2785 = CYLINDRICAL_SURFACE('',#2786,0.35);
#2786 = AXIS2_PLACEMENT_3D('',#2787,#2788,#2789);
#2787 = CARTESIAN_POINT('',(-11.33905,-10.322707,-4.6E-02));
#2788 = DIRECTION('',(-0.,-0.,-1.));
#2789 = DIRECTION('',(-0.,-1.,0.));
#2790 = ADVANCED_FACE('',(#2791),#2802,.F.);
#2791 = FACE_BOUND('',#2792,.T.);
#2792 = EDGE_LOOP('',(#2793,#2794,#2800,#2801));
#2793 = ORIENTED_EDGE('',*,*,#509,.T.);
#2794 = ORIENTED_EDGE('',*,*,#2795,.T.);
#2795 = EDGE_CURVE('',#510,#1498,#2796,.T.);
#2796 = LINE('',#2797,#2798);
#2797 = CARTESIAN_POINT('',(-20.33905,-3.462707,-4.6E-02));
#2798 = VECTOR('',#2799,1.);
#2799 = DIRECTION('',(0.,0.,1.));
#2800 = ORIENTED_EDGE('',*,*,#1497,.F.);
#2801 = ORIENTED_EDGE('',*,*,#2795,.F.);
#2802 = CYLINDRICAL_SURFACE('',#2803,1.1);
#2803 = AXIS2_PLACEMENT_3D('',#2804,#2805,#2806);
#2804 = CARTESIAN_POINT('',(-20.33905,-2.362707,-4.6E-02));
#2805 = DIRECTION('',(-0.,-0.,-1.));
#2806 = DIRECTION('',(-0.,-1.,0.));
#2807 = ADVANCED_FACE('',(#2808),#2819,.F.);
#2808 = FACE_BOUND('',#2809,.T.);
#2809 = EDGE_LOOP('',(#2810,#2811,#2817,#2818));
#2810 = ORIENTED_EDGE('',*,*,#520,.T.);
#2811 = ORIENTED_EDGE('',*,*,#2812,.T.);
#2812 = EDGE_CURVE('',#521,#1509,#2813,.T.);
#2813 = LINE('',#2814,#2815);
#2814 = CARTESIAN_POINT('',(-2.87905,-15.712707,-4.6E-02));
#2815 = VECTOR('',#2816,1.);
#2816 = DIRECTION('',(0.,0.,1.));
#2817 = ORIENTED_EDGE('',*,*,#1508,.F.);
#2818 = ORIENTED_EDGE('',*,*,#2812,.F.);
#2819 = CYLINDRICAL_SURFACE('',#2820,0.35);
#2820 = AXIS2_PLACEMENT_3D('',#2821,#2822,#2823);
#2821 = CARTESIAN_POINT('',(-2.87905,-15.362707,-4.6E-02));
#2822 = DIRECTION('',(-0.,-0.,-1.));
#2823 = DIRECTION('',(-0.,-1.,0.));
#2824 = ADVANCED_FACE('',(#2825),#2836,.F.);
#2825 = FACE_BOUND('',#2826,.T.);
#2826 = EDGE_LOOP('',(#2827,#2828,#2834,#2835));
#2827 = ORIENTED_EDGE('',*,*,#531,.T.);
#2828 = ORIENTED_EDGE('',*,*,#2829,.T.);
#2829 = EDGE_CURVE('',#532,#1520,#2830,.T.);
#2830 = LINE('',#2831,#2832);
#2831 = CARTESIAN_POINT('',(-2.87905,-12.212707,-4.6E-02));
#2832 = VECTOR('',#2833,1.);
#2833 = DIRECTION('',(0.,0.,1.));
#2834 = ORIENTED_EDGE('',*,*,#1519,.F.);
#2835 = ORIENTED_EDGE('',*,*,#2829,.F.);
#2836 = CYLINDRICAL_SURFACE('',#2837,0.35);
#2837 = AXIS2_PLACEMENT_3D('',#2838,#2839,#2840);
#2838 = CARTESIAN_POINT('',(-2.87905,-11.862707,-4.6E-02));
#2839 = DIRECTION('',(-0.,-0.,-1.));
#2840 = DIRECTION('',(-0.,-1.,0.));
#2841 = ADVANCED_FACE('',(#2842),#2853,.F.);
#2842 = FACE_BOUND('',#2843,.T.);
#2843 = EDGE_LOOP('',(#2844,#2845,#2851,#2852));
#2844 = ORIENTED_EDGE('',*,*,#542,.T.);
#2845 = ORIENTED_EDGE('',*,*,#2846,.T.);
#2846 = EDGE_CURVE('',#543,#1531,#2847,.T.);
#2847 = LINE('',#2848,#2849);
#2848 = CARTESIAN_POINT('',(-3.144202,-7.987671,-4.6E-02));
#2849 = VECTOR('',#2850,1.);
#2850 = DIRECTION('',(0.,0.,1.));
#2851 = ORIENTED_EDGE('',*,*,#1530,.F.);
#2852 = ORIENTED_EDGE('',*,*,#2846,.F.);
#2853 = CYLINDRICAL_SURFACE('',#2854,0.5);
#2854 = AXIS2_PLACEMENT_3D('',#2855,#2856,#2857);
#2855 = CARTESIAN_POINT('',(-3.144202,-7.487671,-4.6E-02));
#2856 = DIRECTION('',(-0.,-0.,-1.));
#2857 = DIRECTION('',(-0.,-1.,0.));
#2858 = ADVANCED_FACE('',(#2859),#2870,.F.);
#2859 = FACE_BOUND('',#2860,.T.);
#2860 = EDGE_LOOP('',(#2861,#2862,#2868,#2869));
#2861 = ORIENTED_EDGE('',*,*,#553,.T.);
#2862 = ORIENTED_EDGE('',*,*,#2863,.T.);
#2863 = EDGE_CURVE('',#554,#1542,#2864,.T.);
#2864 = LINE('',#2865,#2866);
#2865 = CARTESIAN_POINT('',(-0.604202,-7.987671,-4.6E-02));
#2866 = VECTOR('',#2867,1.);
#2867 = DIRECTION('',(0.,0.,1.));
#2868 = ORIENTED_EDGE('',*,*,#1541,.F.);
#2869 = ORIENTED_EDGE('',*,*,#2863,.F.);
#2870 = CYLINDRICAL_SURFACE('',#2871,0.5);
#2871 = AXIS2_PLACEMENT_3D('',#2872,#2873,#2874);
#2872 = CARTESIAN_POINT('',(-0.604202,-7.487671,-4.6E-02));
#2873 = DIRECTION('',(-0.,-0.,-1.));
#2874 = DIRECTION('',(-2.22044604925E-16,-1.,0.));
#2875 = ADVANCED_FACE('',(#2876),#2887,.F.);
#2876 = FACE_BOUND('',#2877,.T.);
#2877 = EDGE_LOOP('',(#2878,#2879,#2885,#2886));
#2878 = ORIENTED_EDGE('',*,*,#564,.T.);
#2879 = ORIENTED_EDGE('',*,*,#2880,.T.);
#2880 = EDGE_CURVE('',#565,#1553,#2881,.T.);
#2881 = LINE('',#2882,#2883);
#2882 = CARTESIAN_POINT('',(1.62095,-26.862707,-4.6E-02));
#2883 = VECTOR('',#2884,1.);
#2884 = DIRECTION('',(0.,0.,1.));
#2885 = ORIENTED_EDGE('',*,*,#1552,.F.);
#2886 = ORIENTED_EDGE('',*,*,#2880,.F.);
#2887 = CYLINDRICAL_SURFACE('',#2888,0.5);
#2888 = AXIS2_PLACEMENT_3D('',#2889,#2890,#2891);
#2889 = CARTESIAN_POINT('',(1.62095,-26.362707,-4.6E-02));
#2890 = DIRECTION('',(-0.,-0.,-1.));
#2891 = DIRECTION('',(-4.440892098501E-16,-1.,0.));
#2892 = ADVANCED_FACE('',(#2893),#2904,.F.);
#2893 = FACE_BOUND('',#2894,.T.);
#2894 = EDGE_LOOP('',(#2895,#2896,#2902,#2903));
#2895 = ORIENTED_EDGE('',*,*,#575,.T.);
#2896 = ORIENTED_EDGE('',*,*,#2897,.T.);
#2897 = EDGE_CURVE('',#576,#1564,#2898,.T.);
#2898 = LINE('',#2899,#2900);
#2899 = CARTESIAN_POINT('',(0.41095,-23.262707,-4.6E-02));
#2900 = VECTOR('',#2901,1.);
#2901 = DIRECTION('',(0.,0.,1.));
#2902 = ORIENTED_EDGE('',*,*,#1563,.F.);
#2903 = ORIENTED_EDGE('',*,*,#2897,.F.);
#2904 = CYLINDRICAL_SURFACE('',#2905,0.4);
#2905 = AXIS2_PLACEMENT_3D('',#2906,#2907,#2908);
#2906 = CARTESIAN_POINT('',(0.41095,-22.862707,-4.6E-02));
#2907 = DIRECTION('',(-0.,0.,-1.));
#2908 = DIRECTION('',(1.387778780781E-16,-1.,-0.));
#2909 = ADVANCED_FACE('',(#2910),#2921,.F.);
#2910 = FACE_BOUND('',#2911,.T.);
#2911 = EDGE_LOOP('',(#2912,#2913,#2919,#2920));
#2912 = ORIENTED_EDGE('',*,*,#586,.T.);
#2913 = ORIENTED_EDGE('',*,*,#2914,.T.);
#2914 = EDGE_CURVE('',#587,#1575,#2915,.T.);
#2915 = LINE('',#2916,#2917);
#2916 = CARTESIAN_POINT('',(4.16095,-26.862707,-4.6E-02));
#2917 = VECTOR('',#2918,1.);
#2918 = DIRECTION('',(0.,0.,1.));
#2919 = ORIENTED_EDGE('',*,*,#1574,.F.);
#2920 = ORIENTED_EDGE('',*,*,#2914,.F.);
#2921 = CYLINDRICAL_SURFACE('',#2922,0.5);
#2922 = AXIS2_PLACEMENT_3D('',#2923,#2924,#2925);
#2923 = CARTESIAN_POINT('',(4.16095,-26.362707,-4.6E-02));
#2924 = DIRECTION('',(-0.,-0.,-1.));
#2925 = DIRECTION('',(-0.,-1.,0.));
#2926 = ADVANCED_FACE('',(#2927),#2938,.F.);
#2927 = FACE_BOUND('',#2928,.T.);
#2928 = EDGE_LOOP('',(#2929,#2930,#2936,#2937));
#2929 = ORIENTED_EDGE('',*,*,#597,.T.);
#2930 = ORIENTED_EDGE('',*,*,#2931,.T.);
#2931 = EDGE_CURVE('',#598,#1586,#2932,.T.);
#2932 = LINE('',#2933,#2934);
#2933 = CARTESIAN_POINT('',(20.16095,-35.962707,-4.6E-02));
#2934 = VECTOR('',#2935,1.);
#2935 = DIRECTION('',(0.,0.,1.));
#2936 = ORIENTED_EDGE('',*,*,#1585,.F.);
#2937 = ORIENTED_EDGE('',*,*,#2931,.F.);
#2938 = CYLINDRICAL_SURFACE('',#2939,1.1);
#2939 = AXIS2_PLACEMENT_3D('',#2940,#2941,#2942);
#2940 = CARTESIAN_POINT('',(20.16095,-34.862707,-4.6E-02));
#2941 = DIRECTION('',(-0.,-0.,-1.));
#2942 = DIRECTION('',(-0.,-1.,0.));
#2943 = ADVANCED_FACE('',(#2944),#2955,.F.);
#2944 = FACE_BOUND('',#2945,.T.);
#2945 = EDGE_LOOP('',(#2946,#2947,#2953,#2954));
#2946 = ORIENTED_EDGE('',*,*,#608,.T.);
#2947 = ORIENTED_EDGE('',*,*,#2948,.T.);
#2948 = EDGE_CURVE('',#609,#1597,#2949,.T.);
#2949 = LINE('',#2950,#2951);
#2950 = CARTESIAN_POINT('',(12.16095,-18.262707,-4.6E-02));
#2951 = VECTOR('',#2952,1.);
#2952 = DIRECTION('',(0.,0.,1.));
#2953 = ORIENTED_EDGE('',*,*,#1596,.F.);
#2954 = ORIENTED_EDGE('',*,*,#2948,.F.);
#2955 = CYLINDRICAL_SURFACE('',#2956,0.4);
#2956 = AXIS2_PLACEMENT_3D('',#2957,#2958,#2959);
#2957 = CARTESIAN_POINT('',(12.16095,-17.862707,-4.6E-02));
#2958 = DIRECTION('',(-0.,-0.,-1.));
#2959 = DIRECTION('',(-0.,-1.,0.));
#2960 = ADVANCED_FACE('',(#2961),#2972,.F.);
#2961 = FACE_BOUND('',#2962,.T.);
#2962 = EDGE_LOOP('',(#2963,#2964,#2970,#2971));
#2963 = ORIENTED_EDGE('',*,*,#619,.T.);
#2964 = ORIENTED_EDGE('',*,*,#2965,.T.);
#2965 = EDGE_CURVE('',#620,#1608,#2966,.T.);
#2966 = LINE('',#2967,#2968);
#2967 = CARTESIAN_POINT('',(15.66095,-18.262707,-4.6E-02));
#2968 = VECTOR('',#2969,1.);
#2969 = DIRECTION('',(0.,0.,1.));
#2970 = ORIENTED_EDGE('',*,*,#1607,.F.);
#2971 = ORIENTED_EDGE('',*,*,#2965,.F.);
#2972 = CYLINDRICAL_SURFACE('',#2973,0.4);
#2973 = AXIS2_PLACEMENT_3D('',#2974,#2975,#2976);
#2974 = CARTESIAN_POINT('',(15.66095,-17.862707,-4.6E-02));
#2975 = DIRECTION('',(-0.,-0.,-1.));
#2976 = DIRECTION('',(-0.,-1.,0.));
#2977 = ADVANCED_FACE('',(#2978),#2989,.F.);
#2978 = FACE_BOUND('',#2979,.T.);
#2979 = EDGE_LOOP('',(#2980,#2981,#2987,#2988));
#2980 = ORIENTED_EDGE('',*,*,#630,.T.);
#2981 = ORIENTED_EDGE('',*,*,#2982,.T.);
#2982 = EDGE_CURVE('',#631,#1619,#2983,.T.);
#2983 = LINE('',#2984,#2985);
#2984 = CARTESIAN_POINT('',(21.66095,-22.902707,-4.6E-02));
#2985 = VECTOR('',#2986,1.);
#2986 = DIRECTION('',(0.,0.,1.));
#2987 = ORIENTED_EDGE('',*,*,#1618,.F.);
#2988 = ORIENTED_EDGE('',*,*,#2982,.F.);
#2989 = CYLINDRICAL_SURFACE('',#2990,0.5);
#2990 = AXIS2_PLACEMENT_3D('',#2991,#2992,#2993);
#2991 = CARTESIAN_POINT('',(21.66095,-22.402707,-4.6E-02));
#2992 = DIRECTION('',(-0.,-0.,-1.));
#2993 = DIRECTION('',(-0.,-1.,0.));
#2994 = ADVANCED_FACE('',(#2995),#3006,.F.);
#2995 = FACE_BOUND('',#2996,.T.);
#2996 = EDGE_LOOP('',(#2997,#2998,#3004,#3005));
#2997 = ORIENTED_EDGE('',*,*,#641,.T.);
#2998 = ORIENTED_EDGE('',*,*,#2999,.T.);
#2999 = EDGE_CURVE('',#642,#1630,#3000,.T.);
#3000 = LINE('',#3001,#3002);
#3001 = CARTESIAN_POINT('',(21.66095,-20.362707,-4.6E-02));
#3002 = VECTOR('',#3003,1.);
#3003 = DIRECTION('',(0.,0.,1.));
#3004 = ORIENTED_EDGE('',*,*,#1629,.F.);
#3005 = ORIENTED_EDGE('',*,*,#2999,.F.);
#3006 = CYLINDRICAL_SURFACE('',#3007,0.5);
#3007 = AXIS2_PLACEMENT_3D('',#3008,#3009,#3010);
#3008 = CARTESIAN_POINT('',(21.66095,-19.862707,-4.6E-02));
#3009 = DIRECTION('',(-0.,-0.,-1.));
#3010 = DIRECTION('',(-0.,-1.,0.));
#3011 = ADVANCED_FACE('',(#3012),#3023,.F.);
#3012 = FACE_BOUND('',#3013,.T.);
#3013 = EDGE_LOOP('',(#3014,#3015,#3021,#3022));
#3014 = ORIENTED_EDGE('',*,*,#652,.T.);
#3015 = ORIENTED_EDGE('',*,*,#3016,.T.);
#3016 = EDGE_CURVE('',#653,#1641,#3017,.T.);
#3017 = LINE('',#3018,#3019);
#3018 = CARTESIAN_POINT('',(2.20095,-15.712707,-4.6E-02));
#3019 = VECTOR('',#3020,1.);
#3020 = DIRECTION('',(0.,0.,1.));
#3021 = ORIENTED_EDGE('',*,*,#1640,.F.);
#3022 = ORIENTED_EDGE('',*,*,#3016,.F.);
#3023 = CYLINDRICAL_SURFACE('',#3024,0.35);
#3024 = AXIS2_PLACEMENT_3D('',#3025,#3026,#3027);
#3025 = CARTESIAN_POINT('',(2.20095,-15.362707,-4.6E-02));
#3026 = DIRECTION('',(-0.,0.,-1.));
#3027 = DIRECTION('',(1.268826313857E-15,-1.,-0.));
#3028 = ADVANCED_FACE('',(#3029),#3040,.F.);
#3029 = FACE_BOUND('',#3030,.T.);
#3030 = EDGE_LOOP('',(#3031,#3032,#3038,#3039));
#3031 = ORIENTED_EDGE('',*,*,#663,.T.);
#3032 = ORIENTED_EDGE('',*,*,#3033,.T.);
#3033 = EDGE_CURVE('',#664,#1652,#3034,.T.);
#3034 = LINE('',#3035,#3036);
#3035 = CARTESIAN_POINT('',(2.20095,-12.212707,-4.6E-02));
#3036 = VECTOR('',#3037,1.);
#3037 = DIRECTION('',(0.,0.,1.));
#3038 = ORIENTED_EDGE('',*,*,#1651,.F.);
#3039 = ORIENTED_EDGE('',*,*,#3033,.F.);
#3040 = CYLINDRICAL_SURFACE('',#3041,0.35);
#3041 = AXIS2_PLACEMENT_3D('',#3042,#3043,#3044);
#3042 = CARTESIAN_POINT('',(2.20095,-11.862707,-4.6E-02));
#3043 = DIRECTION('',(-0.,0.,-1.));
#3044 = DIRECTION('',(1.268826313857E-15,-1.,-0.));
#3045 = ADVANCED_FACE('',(#3046),#3057,.F.);
#3046 = FACE_BOUND('',#3047,.T.);
#3047 = EDGE_LOOP('',(#3048,#3049,#3055,#3056));
#3048 = ORIENTED_EDGE('',*,*,#674,.T.);
#3049 = ORIENTED_EDGE('',*,*,#3050,.T.);
#3050 = EDGE_CURVE('',#675,#1663,#3051,.T.);
#3051 = LINE('',#3052,#3053);
#3052 = CARTESIAN_POINT('',(1.935798,-7.987671,-4.6E-02));
#3053 = VECTOR('',#3054,1.);
#3054 = DIRECTION('',(0.,0.,1.));
#3055 = ORIENTED_EDGE('',*,*,#1662,.F.);
#3056 = ORIENTED_EDGE('',*,*,#3050,.F.);
#3057 = CYLINDRICAL_SURFACE('',#3058,0.5);
#3058 = AXIS2_PLACEMENT_3D('',#3059,#3060,#3061);
#3059 = CARTESIAN_POINT('',(1.935798,-7.487671,-4.6E-02));
#3060 = DIRECTION('',(-0.,-0.,-1.));
#3061 = DIRECTION('',(-4.440892098501E-16,-1.,0.));
#3062 = ADVANCED_FACE('',(#3063),#3074,.F.);
#3063 = FACE_BOUND('',#3064,.T.);
#3064 = EDGE_LOOP('',(#3065,#3066,#3072,#3073));
#3065 = ORIENTED_EDGE('',*,*,#685,.T.);
#3066 = ORIENTED_EDGE('',*,*,#3067,.T.);
#3067 = EDGE_CURVE('',#686,#1674,#3068,.T.);
#3068 = LINE('',#3069,#3070);
#3069 = CARTESIAN_POINT('',(4.475798,-7.987671,-4.6E-02));
#3070 = VECTOR('',#3071,1.);
#3071 = DIRECTION('',(0.,0.,1.));
#3072 = ORIENTED_EDGE('',*,*,#1673,.F.);
#3073 = ORIENTED_EDGE('',*,*,#3067,.F.);
#3074 = CYLINDRICAL_SURFACE('',#3075,0.5);
#3075 = AXIS2_PLACEMENT_3D('',#3076,#3077,#3078);
#3076 = CARTESIAN_POINT('',(4.475798,-7.487671,-4.6E-02));
#3077 = DIRECTION('',(-0.,-0.,-1.));
#3078 = DIRECTION('',(-0.,-1.,0.));
#3079 = ADVANCED_FACE('',(#3080),#3091,.F.);
#3080 = FACE_BOUND('',#3081,.T.);
#3081 = EDGE_LOOP('',(#3082,#3083,#3089,#3090));
#3082 = ORIENTED_EDGE('',*,*,#696,.T.);
#3083 = ORIENTED_EDGE('',*,*,#3084,.T.);
#3084 = EDGE_CURVE('',#697,#1685,#3085,.T.);
#3085 = LINE('',#3086,#3087);
#3086 = CARTESIAN_POINT('',(-20.83905,6.057293,-4.6E-02));
#3087 = VECTOR('',#3088,1.);
#3088 = DIRECTION('',(0.,0.,1.));
#3089 = ORIENTED_EDGE('',*,*,#1684,.F.);
#3090 = ORIENTED_EDGE('',*,*,#3084,.F.);
#3091 = CYLINDRICAL_SURFACE('',#3092,0.5);
#3092 = AXIS2_PLACEMENT_3D('',#3093,#3094,#3095);
#3093 = CARTESIAN_POINT('',(-20.83905,6.557293,-4.6E-02));
#3094 = DIRECTION('',(-0.,-0.,-1.));
#3095 = DIRECTION('',(-0.,-1.,0.));
#3096 = ADVANCED_FACE('',(#3097),#3108,.F.);
#3097 = FACE_BOUND('',#3098,.T.);
#3098 = EDGE_LOOP('',(#3099,#3100,#3106,#3107));
#3099 = ORIENTED_EDGE('',*,*,#707,.T.);
#3100 = ORIENTED_EDGE('',*,*,#3101,.T.);
#3101 = EDGE_CURVE('',#708,#1696,#3102,.T.);
#3102 = LINE('',#3103,#3104);
#3103 = CARTESIAN_POINT('',(-20.83905,8.597293,-4.6E-02));
#3104 = VECTOR('',#3105,1.);
#3105 = DIRECTION('',(0.,0.,1.));
#3106 = ORIENTED_EDGE('',*,*,#1695,.F.);
#3107 = ORIENTED_EDGE('',*,*,#3101,.F.);
#3108 = CYLINDRICAL_SURFACE('',#3109,0.5);
#3109 = AXIS2_PLACEMENT_3D('',#3110,#3111,#3112);
#3110 = CARTESIAN_POINT('',(-20.83905,9.097293,-4.6E-02));
#3111 = DIRECTION('',(-0.,-0.,-1.));
#3112 = DIRECTION('',(-0.,-1.,0.));
#3113 = ADVANCED_FACE('',(#3114),#3125,.F.);
#3114 = FACE_BOUND('',#3115,.T.);
#3115 = EDGE_LOOP('',(#3116,#3117,#3123,#3124));
#3116 = ORIENTED_EDGE('',*,*,#718,.T.);
#3117 = ORIENTED_EDGE('',*,*,#3118,.T.);
#3118 = EDGE_CURVE('',#719,#1707,#3119,.T.);
#3119 = LINE('',#3120,#3121);
#3120 = CARTESIAN_POINT('',(-11.33905,0.247293,-4.6E-02));
#3121 = VECTOR('',#3122,1.);
#3122 = DIRECTION('',(0.,0.,1.));
#3123 = ORIENTED_EDGE('',*,*,#1706,.F.);
#3124 = ORIENTED_EDGE('',*,*,#3118,.F.);
#3125 = CYLINDRICAL_SURFACE('',#3126,0.35);
#3126 = AXIS2_PLACEMENT_3D('',#3127,#3128,#3129);
#3127 = CARTESIAN_POINT('',(-11.33905,0.597293,-4.6E-02));
#3128 = DIRECTION('',(-0.,-0.,-1.));
#3129 = DIRECTION('',(-0.,-1.,0.));
#3130 = ADVANCED_FACE('',(#3131),#3142,.F.);
#3131 = FACE_BOUND('',#3132,.T.);
#3132 = EDGE_LOOP('',(#3133,#3134,#3140,#3141));
#3133 = ORIENTED_EDGE('',*,*,#729,.T.);
#3134 = ORIENTED_EDGE('',*,*,#3135,.T.);
#3135 = EDGE_CURVE('',#730,#1718,#3136,.T.);
#3136 = LINE('',#3137,#3138);
#3137 = CARTESIAN_POINT('',(-11.33905,5.327293,-4.6E-02));
#3138 = VECTOR('',#3139,1.);
#3139 = DIRECTION('',(0.,0.,1.));
#3140 = ORIENTED_EDGE('',*,*,#1717,.F.);
#3141 = ORIENTED_EDGE('',*,*,#3135,.F.);
#3142 = CYLINDRICAL_SURFACE('',#3143,0.35);
#3143 = AXIS2_PLACEMENT_3D('',#3144,#3145,#3146);
#3144 = CARTESIAN_POINT('',(-11.33905,5.677293,-4.6E-02));
#3145 = DIRECTION('',(-0.,-0.,-1.));
#3146 = DIRECTION('',(-0.,-1.,0.));
#3147 = ADVANCED_FACE('',(#3148),#3159,.F.);
#3148 = FACE_BOUND('',#3149,.T.);
#3149 = EDGE_LOOP('',(#3150,#3151,#3157,#3158));
#3150 = ORIENTED_EDGE('',*,*,#740,.T.);
#3151 = ORIENTED_EDGE('',*,*,#3152,.T.);
#3152 = EDGE_CURVE('',#741,#1729,#3153,.T.);
#3153 = LINE('',#3154,#3155);
#3154 = CARTESIAN_POINT('',(-20.83905,11.137293,-4.6E-02));
#3155 = VECTOR('',#3156,1.);
#3156 = DIRECTION('',(0.,0.,1.));
#3157 = ORIENTED_EDGE('',*,*,#1728,.F.);
#3158 = ORIENTED_EDGE('',*,*,#3152,.F.);
#3159 = CYLINDRICAL_SURFACE('',#3160,0.5);
#3160 = AXIS2_PLACEMENT_3D('',#3161,#3162,#3163);
#3161 = CARTESIAN_POINT('',(-20.83905,11.637293,-4.6E-02));
#3162 = DIRECTION('',(-0.,-0.,-1.));
#3163 = DIRECTION('',(-0.,-1.,0.));
#3164 = ADVANCED_FACE('',(#3165),#3176,.F.);
#3165 = FACE_BOUND('',#3166,.T.);
#3166 = EDGE_LOOP('',(#3167,#3168,#3174,#3175));
#3167 = ORIENTED_EDGE('',*,*,#751,.T.);
#3168 = ORIENTED_EDGE('',*,*,#3169,.T.);
#3169 = EDGE_CURVE('',#752,#1740,#3170,.T.);
#3170 = LINE('',#3171,#3172);
#3171 = CARTESIAN_POINT('',(-20.83905,13.677293,-4.6E-02));
#3172 = VECTOR('',#3173,1.);
#3173 = DIRECTION('',(0.,0.,1.));
#3174 = ORIENTED_EDGE('',*,*,#1739,.F.);
#3175 = ORIENTED_EDGE('',*,*,#3169,.F.);
#3176 = CYLINDRICAL_SURFACE('',#3177,0.5);
#3177 = AXIS2_PLACEMENT_3D('',#3178,#3179,#3180);
#3178 = CARTESIAN_POINT('',(-20.83905,14.177293,-4.6E-02));
#3179 = DIRECTION('',(-0.,-0.,-1.));
#3180 = DIRECTION('',(-0.,-1.,0.));
#3181 = ADVANCED_FACE('',(#3182),#3193,.F.);
#3182 = FACE_BOUND('',#3183,.T.);
#3183 = EDGE_LOOP('',(#3184,#3185,#3191,#3192));
#3184 = ORIENTED_EDGE('',*,*,#762,.T.);
#3185 = ORIENTED_EDGE('',*,*,#3186,.T.);
#3186 = EDGE_CURVE('',#763,#1751,#3187,.T.);
#3187 = LINE('',#3188,#3189);
#3188 = CARTESIAN_POINT('',(-20.83905,16.217293,-4.6E-02));
#3189 = VECTOR('',#3190,1.);
#3190 = DIRECTION('',(0.,0.,1.));
#3191 = ORIENTED_EDGE('',*,*,#1750,.F.);
#3192 = ORIENTED_EDGE('',*,*,#3186,.F.);
#3193 = CYLINDRICAL_SURFACE('',#3194,0.5);
#3194 = AXIS2_PLACEMENT_3D('',#3195,#3196,#3197);
#3195 = CARTESIAN_POINT('',(-20.83905,16.717293,-4.6E-02));
#3196 = DIRECTION('',(-0.,-0.,-1.));
#3197 = DIRECTION('',(-0.,-1.,0.));
#3198 = ADVANCED_FACE('',(#3199),#3210,.F.);
#3199 = FACE_BOUND('',#3200,.T.);
#3200 = EDGE_LOOP('',(#3201,#3202,#3208,#3209));
#3201 = ORIENTED_EDGE('',*,*,#773,.T.);
#3202 = ORIENTED_EDGE('',*,*,#3203,.T.);
#3203 = EDGE_CURVE('',#774,#1762,#3204,.T.);
#3204 = LINE('',#3205,#3206);
#3205 = CARTESIAN_POINT('',(-7.33905,0.247293,-4.6E-02));
#3206 = VECTOR('',#3207,1.);
#3207 = DIRECTION('',(0.,0.,1.));
#3208 = ORIENTED_EDGE('',*,*,#1761,.F.);
#3209 = ORIENTED_EDGE('',*,*,#3203,.F.);
#3210 = CYLINDRICAL_SURFACE('',#3211,0.35);
#3211 = AXIS2_PLACEMENT_3D('',#3212,#3213,#3214);
#3212 = CARTESIAN_POINT('',(-7.33905,0.597293,-4.6E-02));
#3213 = DIRECTION('',(-0.,-0.,-1.));
#3214 = DIRECTION('',(-0.,-1.,0.));
#3215 = ADVANCED_FACE('',(#3216),#3227,.F.);
#3216 = FACE_BOUND('',#3217,.T.);
#3217 = EDGE_LOOP('',(#3218,#3219,#3225,#3226));
#3218 = ORIENTED_EDGE('',*,*,#784,.T.);
#3219 = ORIENTED_EDGE('',*,*,#3220,.T.);
#3220 = EDGE_CURVE('',#785,#1773,#3221,.T.);
#3221 = LINE('',#3222,#3223);
#3222 = CARTESIAN_POINT('',(-7.33905,5.327293,-4.6E-02));
#3223 = VECTOR('',#3224,1.);
#3224 = DIRECTION('',(0.,0.,1.));
#3225 = ORIENTED_EDGE('',*,*,#1772,.F.);
#3226 = ORIENTED_EDGE('',*,*,#3220,.F.);
#3227 = CYLINDRICAL_SURFACE('',#3228,0.35);
#3228 = AXIS2_PLACEMENT_3D('',#3229,#3230,#3231);
#3229 = CARTESIAN_POINT('',(-7.33905,5.677293,-4.6E-02));
#3230 = DIRECTION('',(-0.,-0.,-1.));
#3231 = DIRECTION('',(-0.,-1.,0.));
#3232 = ADVANCED_FACE('',(#3233),#3244,.F.);
#3233 = FACE_BOUND('',#3234,.T.);
#3234 = EDGE_LOOP('',(#3235,#3236,#3242,#3243));
#3235 = ORIENTED_EDGE('',*,*,#795,.T.);
#3236 = ORIENTED_EDGE('',*,*,#3237,.T.);
#3237 = EDGE_CURVE('',#796,#1784,#3238,.T.);
#3238 = LINE('',#3239,#3240);
#3239 = CARTESIAN_POINT('',(-3.20255,5.241793,-4.6E-02));
#3240 = VECTOR('',#3241,1.);
#3241 = DIRECTION('',(0.,0.,1.));
#3242 = ORIENTED_EDGE('',*,*,#1783,.F.);
#3243 = ORIENTED_EDGE('',*,*,#3237,.F.);
#3244 = CYLINDRICAL_SURFACE('',#3245,0.5);
#3245 = AXIS2_PLACEMENT_3D('',#3246,#3247,#3248);
#3246 = CARTESIAN_POINT('',(-3.20255,5.741793,-4.6E-02));
#3247 = DIRECTION('',(-0.,-0.,-1.));
#3248 = DIRECTION('',(-0.,-1.,0.));
#3249 = ADVANCED_FACE('',(#3250),#3261,.F.);
#3250 = FACE_BOUND('',#3251,.T.);
#3251 = EDGE_LOOP('',(#3252,#3253,#3259,#3260));
#3252 = ORIENTED_EDGE('',*,*,#806,.T.);
#3253 = ORIENTED_EDGE('',*,*,#3254,.T.);
#3254 = EDGE_CURVE('',#807,#1795,#3255,.T.);
#3255 = LINE('',#3256,#3257);
#3256 = CARTESIAN_POINT('',(-0.66255,5.241793,-4.6E-02));
#3257 = VECTOR('',#3258,1.);
#3258 = DIRECTION('',(0.,0.,1.));
#3259 = ORIENTED_EDGE('',*,*,#1794,.F.);
#3260 = ORIENTED_EDGE('',*,*,#3254,.F.);
#3261 = CYLINDRICAL_SURFACE('',#3262,0.5);
#3262 = AXIS2_PLACEMENT_3D('',#3263,#3264,#3265);
#3263 = CARTESIAN_POINT('',(-0.66255,5.741793,-4.6E-02));
#3264 = DIRECTION('',(-0.,-0.,-1.));
#3265 = DIRECTION('',(-0.,-1.,0.));
#3266 = ADVANCED_FACE('',(#3267),#3278,.F.);
#3267 = FACE_BOUND('',#3268,.T.);
#3268 = EDGE_LOOP('',(#3269,#3270,#3276,#3277));
#3269 = ORIENTED_EDGE('',*,*,#817,.T.);
#3270 = ORIENTED_EDGE('',*,*,#3271,.T.);
#3271 = EDGE_CURVE('',#818,#1806,#3272,.T.);
#3272 = LINE('',#3273,#3274);
#3273 = CARTESIAN_POINT('',(-7.08905,13.737293,-4.6E-02));
#3274 = VECTOR('',#3275,1.);
#3275 = DIRECTION('',(0.,0.,1.));
#3276 = ORIENTED_EDGE('',*,*,#1805,.F.);
#3277 = ORIENTED_EDGE('',*,*,#3271,.F.);
#3278 = CYLINDRICAL_SURFACE('',#3279,0.4);
#3279 = AXIS2_PLACEMENT_3D('',#3280,#3281,#3282);
#3280 = CARTESIAN_POINT('',(-7.08905,14.137293,-4.6E-02));
#3281 = DIRECTION('',(-0.,-0.,-1.));
#3282 = DIRECTION('',(-0.,-1.,0.));
#3283 = ADVANCED_FACE('',(#3284),#3295,.F.);
#3284 = FACE_BOUND('',#3285,.T.);
#3285 = EDGE_LOOP('',(#3286,#3287,#3293,#3294));
#3286 = ORIENTED_EDGE('',*,*,#828,.T.);
#3287 = ORIENTED_EDGE('',*,*,#3288,.T.);
#3288 = EDGE_CURVE('',#829,#1817,#3289,.T.);
#3289 = LINE('',#3290,#3291);
#3290 = CARTESIAN_POINT('',(-5.95905,17.137293,-4.6E-02));
#3291 = VECTOR('',#3292,1.);
#3292 = DIRECTION('',(0.,0.,1.));
#3293 = ORIENTED_EDGE('',*,*,#1816,.F.);
#3294 = ORIENTED_EDGE('',*,*,#3288,.F.);
#3295 = CYLINDRICAL_SURFACE('',#3296,0.5);
#3296 = AXIS2_PLACEMENT_3D('',#3297,#3298,#3299);
#3297 = CARTESIAN_POINT('',(-5.95905,17.637293,-4.6E-02));
#3298 = DIRECTION('',(-0.,-0.,-1.));
#3299 = DIRECTION('',(-0.,-1.,0.));
#3300 = ADVANCED_FACE('',(#3301),#3312,.F.);
#3301 = FACE_BOUND('',#3302,.T.);
#3302 = EDGE_LOOP('',(#3303,#3304,#3310,#3311));
#3303 = ORIENTED_EDGE('',*,*,#839,.T.);
#3304 = ORIENTED_EDGE('',*,*,#3305,.T.);
#3305 = EDGE_CURVE('',#840,#1828,#3306,.T.);
#3306 = LINE('',#3307,#3308);
#3307 = CARTESIAN_POINT('',(-4.58905,13.737293,-4.6E-02));
#3308 = VECTOR('',#3309,1.);
#3309 = DIRECTION('',(0.,0.,1.));
#3310 = ORIENTED_EDGE('',*,*,#1827,.F.);
#3311 = ORIENTED_EDGE('',*,*,#3305,.F.);
#3312 = CYLINDRICAL_SURFACE('',#3313,0.4);
#3313 = AXIS2_PLACEMENT_3D('',#3314,#3315,#3316);
#3314 = CARTESIAN_POINT('',(-4.58905,14.137293,-4.6E-02));
#3315 = DIRECTION('',(-0.,-0.,-1.));
#3316 = DIRECTION('',(-0.,-1.,0.));
#3317 = ADVANCED_FACE('',(#3318),#3329,.F.);
#3318 = FACE_BOUND('',#3319,.T.);
#3319 = EDGE_LOOP('',(#3320,#3321,#3327,#3328));
#3320 = ORIENTED_EDGE('',*,*,#850,.T.);
#3321 = ORIENTED_EDGE('',*,*,#3322,.T.);
#3322 = EDGE_CURVE('',#851,#1839,#3323,.T.);
#3323 = LINE('',#3324,#3325);
#3324 = CARTESIAN_POINT('',(-3.41905,17.137293,-4.6E-02));
#3325 = VECTOR('',#3326,1.);
#3326 = DIRECTION('',(0.,0.,1.));
#3327 = ORIENTED_EDGE('',*,*,#1838,.F.);
#3328 = ORIENTED_EDGE('',*,*,#3322,.F.);
#3329 = CYLINDRICAL_SURFACE('',#3330,0.5);
#3330 = AXIS2_PLACEMENT_3D('',#3331,#3332,#3333);
#3331 = CARTESIAN_POINT('',(-3.41905,17.637293,-4.6E-02));
#3332 = DIRECTION('',(-0.,-0.,-1.));
#3333 = DIRECTION('',(-0.,-1.,0.));
#3334 = ADVANCED_FACE('',(#3335),#3346,.F.);
#3335 = FACE_BOUND('',#3336,.T.);
#3336 = EDGE_LOOP('',(#3337,#3338,#3344,#3345));
#3337 = ORIENTED_EDGE('',*,*,#861,.T.);
#3338 = ORIENTED_EDGE('',*,*,#3339,.T.);
#3339 = EDGE_CURVE('',#862,#1850,#3340,.T.);
#3340 = LINE('',#3341,#3342);
#3341 = CARTESIAN_POINT('',(-0.87905,17.137293,-4.6E-02));
#3342 = VECTOR('',#3343,1.);
#3343 = DIRECTION('',(0.,0.,1.));
#3344 = ORIENTED_EDGE('',*,*,#1849,.F.);
#3345 = ORIENTED_EDGE('',*,*,#3339,.F.);
#3346 = CYLINDRICAL_SURFACE('',#3347,0.5);
#3347 = AXIS2_PLACEMENT_3D('',#3348,#3349,#3350);
#3348 = CARTESIAN_POINT('',(-0.87905,17.637293,-4.6E-02));
#3349 = DIRECTION('',(-0.,0.,-1.));
#3350 = DIRECTION('',(2.22044604925E-16,-1.,-0.));
#3351 = ADVANCED_FACE('',(#3352),#3363,.F.);
#3352 = FACE_BOUND('',#3353,.T.);
#3353 = EDGE_LOOP('',(#3354,#3355,#3361,#3362));
#3354 = ORIENTED_EDGE('',*,*,#872,.T.);
#3355 = ORIENTED_EDGE('',*,*,#3356,.T.);
#3356 = EDGE_CURVE('',#873,#1861,#3357,.T.);
#3357 = LINE('',#3358,#3359);
#3358 = CARTESIAN_POINT('',(1.87745,5.241793,-4.6E-02));
#3359 = VECTOR('',#3360,1.);
#3360 = DIRECTION('',(0.,0.,1.));
#3361 = ORIENTED_EDGE('',*,*,#1860,.F.);
#3362 = ORIENTED_EDGE('',*,*,#3356,.F.);
#3363 = CYLINDRICAL_SURFACE('',#3364,0.5);
#3364 = AXIS2_PLACEMENT_3D('',#3365,#3366,#3367);
#3365 = CARTESIAN_POINT('',(1.87745,5.741793,-4.6E-02));
#3366 = DIRECTION('',(-0.,-0.,-1.));
#3367 = DIRECTION('',(-0.,-1.,0.));
#3368 = ADVANCED_FACE('',(#3369),#3380,.F.);
#3369 = FACE_BOUND('',#3370,.T.);
#3370 = EDGE_LOOP('',(#3371,#3372,#3378,#3379));
#3371 = ORIENTED_EDGE('',*,*,#883,.T.);
#3372 = ORIENTED_EDGE('',*,*,#3373,.T.);
#3373 = EDGE_CURVE('',#884,#1872,#3374,.T.);
#3374 = LINE('',#3375,#3376);
#3375 = CARTESIAN_POINT('',(4.41745,5.241793,-4.6E-02));
#3376 = VECTOR('',#3377,1.);
#3377 = DIRECTION('',(0.,0.,1.));
#3378 = ORIENTED_EDGE('',*,*,#1871,.F.);
#3379 = ORIENTED_EDGE('',*,*,#3373,.F.);
#3380 = CYLINDRICAL_SURFACE('',#3381,0.5);
#3381 = AXIS2_PLACEMENT_3D('',#3382,#3383,#3384);
#3382 = CARTESIAN_POINT('',(4.41745,5.741793,-4.6E-02));
#3383 = DIRECTION('',(-0.,-0.,-1.));
#3384 = DIRECTION('',(-0.,-1.,0.));
#3385 = ADVANCED_FACE('',(#3386),#3397,.F.);
#3386 = FACE_BOUND('',#3387,.T.);
#3387 = EDGE_LOOP('',(#3388,#3389,#3395,#3396));
#3388 = ORIENTED_EDGE('',*,*,#894,.T.);
#3389 = ORIENTED_EDGE('',*,*,#3390,.T.);
#3390 = EDGE_CURVE('',#895,#1883,#3391,.T.);
#3391 = LINE('',#3392,#3393);
#3392 = CARTESIAN_POINT('',(1.66095,17.137293,-4.6E-02));
#3393 = VECTOR('',#3394,1.);
#3394 = DIRECTION('',(0.,0.,1.));
#3395 = ORIENTED_EDGE('',*,*,#1882,.F.);
#3396 = ORIENTED_EDGE('',*,*,#3390,.F.);
#3397 = CYLINDRICAL_SURFACE('',#3398,0.5);
#3398 = AXIS2_PLACEMENT_3D('',#3399,#3400,#3401);
#3399 = CARTESIAN_POINT('',(1.66095,17.637293,-4.6E-02));
#3400 = DIRECTION('',(-0.,-0.,-1.));
#3401 = DIRECTION('',(-4.440892098501E-16,-1.,0.));
#3402 = ADVANCED_FACE('',(#3403),#3414,.F.);
#3403 = FACE_BOUND('',#3404,.T.);
#3404 = EDGE_LOOP('',(#3405,#3406,#3412,#3413));
#3405 = ORIENTED_EDGE('',*,*,#905,.T.);
#3406 = ORIENTED_EDGE('',*,*,#3407,.T.);
#3407 = EDGE_CURVE('',#906,#1894,#3408,.T.);
#3408 = LINE('',#3409,#3410);
#3409 = CARTESIAN_POINT('',(4.20095,17.137293,-4.6E-02));
#3410 = VECTOR('',#3411,1.);
#3411 = DIRECTION('',(0.,0.,1.));
#3412 = ORIENTED_EDGE('',*,*,#1893,.F.);
#3413 = ORIENTED_EDGE('',*,*,#3407,.F.);
#3414 = CYLINDRICAL_SURFACE('',#3415,0.5);
#3415 = AXIS2_PLACEMENT_3D('',#3416,#3417,#3418);
#3416 = CARTESIAN_POINT('',(4.20095,17.637293,-4.6E-02));
#3417 = DIRECTION('',(-0.,-0.,-1.));
#3418 = DIRECTION('',(-0.,-1.,0.));
#3419 = ADVANCED_FACE('',(#3420),#3431,.F.);
#3420 = FACE_BOUND('',#3421,.T.);
#3421 = EDGE_LOOP('',(#3422,#3423,#3429,#3430));
#3422 = ORIENTED_EDGE('',*,*,#916,.T.);
#3423 = ORIENTED_EDGE('',*,*,#3424,.T.);
#3424 = EDGE_CURVE('',#917,#1905,#3425,.T.);
#3425 = LINE('',#3426,#3427);
#3426 = CARTESIAN_POINT('',(16.66095,8.557293,-4.6E-02));
#3427 = VECTOR('',#3428,1.);
#3428 = DIRECTION('',(0.,0.,1.));
#3429 = ORIENTED_EDGE('',*,*,#1904,.F.);
#3430 = ORIENTED_EDGE('',*,*,#3424,.F.);
#3431 = CYLINDRICAL_SURFACE('',#3432,0.5);
#3432 = AXIS2_PLACEMENT_3D('',#3433,#3434,#3435);
#3433 = CARTESIAN_POINT('',(16.66095,9.057293,-4.6E-02));
#3434 = DIRECTION('',(-0.,-0.,-1.));
#3435 = DIRECTION('',(-0.,-1.,0.));
#3436 = ADVANCED_FACE('',(#3437),#3448,.F.);
#3437 = FACE_BOUND('',#3438,.T.);
#3438 = EDGE_LOOP('',(#3439,#3440,#3446,#3447));
#3439 = ORIENTED_EDGE('',*,*,#927,.T.);
#3440 = ORIENTED_EDGE('',*,*,#3441,.T.);
#3441 = EDGE_CURVE('',#928,#1916,#3442,.T.);
#3442 = LINE('',#3443,#3444);
#3443 = CARTESIAN_POINT('',(20.66095,8.517293,-4.6E-02));
#3444 = VECTOR('',#3445,1.);
#3445 = DIRECTION('',(0.,0.,1.));
#3446 = ORIENTED_EDGE('',*,*,#1915,.F.);
#3447 = ORIENTED_EDGE('',*,*,#3441,.F.);
#3448 = CYLINDRICAL_SURFACE('',#3449,0.5);
#3449 = AXIS2_PLACEMENT_3D('',#3450,#3451,#3452);
#3450 = CARTESIAN_POINT('',(20.66095,9.017293,-4.6E-02));
#3451 = DIRECTION('',(-0.,-0.,-1.));
#3452 = DIRECTION('',(-0.,-1.,0.));
#3453 = ADVANCED_FACE('',(#3454),#3465,.F.);
#3454 = FACE_BOUND('',#3455,.T.);
#3455 = EDGE_LOOP('',(#3456,#3457,#3463,#3464));
#3456 = ORIENTED_EDGE('',*,*,#938,.T.);
#3457 = ORIENTED_EDGE('',*,*,#3458,.T.);
#3458 = EDGE_CURVE('',#939,#1927,#3459,.T.);
#3459 = LINE('',#3460,#3461);
#3460 = CARTESIAN_POINT('',(16.66095,11.097293,-4.6E-02));
#3461 = VECTOR('',#3462,1.);
#3462 = DIRECTION('',(0.,0.,1.));
#3463 = ORIENTED_EDGE('',*,*,#1926,.F.);
#3464 = ORIENTED_EDGE('',*,*,#3458,.F.);
#3465 = CYLINDRICAL_SURFACE('',#3466,0.5);
#3466 = AXIS2_PLACEMENT_3D('',#3467,#3468,#3469);
#3467 = CARTESIAN_POINT('',(16.66095,11.597293,-4.6E-02));
#3468 = DIRECTION('',(-0.,-0.,-1.));
#3469 = DIRECTION('',(-0.,-1.,0.));
#3470 = ADVANCED_FACE('',(#3471),#3482,.F.);
#3471 = FACE_BOUND('',#3472,.T.);
#3472 = EDGE_LOOP('',(#3473,#3474,#3480,#3481));
#3473 = ORIENTED_EDGE('',*,*,#949,.T.);
#3474 = ORIENTED_EDGE('',*,*,#3475,.T.);
#3475 = EDGE_CURVE('',#950,#1938,#3476,.T.);
#3476 = LINE('',#3477,#3478);
#3477 = CARTESIAN_POINT('',(16.66095,13.637293,-4.6E-02));
#3478 = VECTOR('',#3479,1.);
#3479 = DIRECTION('',(0.,0.,1.));
#3480 = ORIENTED_EDGE('',*,*,#1937,.F.);
#3481 = ORIENTED_EDGE('',*,*,#3475,.F.);
#3482 = CYLINDRICAL_SURFACE('',#3483,0.5);
#3483 = AXIS2_PLACEMENT_3D('',#3484,#3485,#3486);
#3484 = CARTESIAN_POINT('',(16.66095,14.137293,-4.6E-02));
#3485 = DIRECTION('',(-0.,-0.,-1.));
#3486 = DIRECTION('',(-0.,-1.,0.));
#3487 = ADVANCED_FACE('',(#3488),#3499,.F.);
#3488 = FACE_BOUND('',#3489,.T.);
#3489 = EDGE_LOOP('',(#3490,#3491,#3497,#3498));
#3490 = ORIENTED_EDGE('',*,*,#960,.T.);
#3491 = ORIENTED_EDGE('',*,*,#3492,.T.);
#3492 = EDGE_CURVE('',#961,#1949,#3493,.T.);
#3493 = LINE('',#3494,#3495);
#3494 = CARTESIAN_POINT('',(16.66095,16.177293,-4.6E-02));
#3495 = VECTOR('',#3496,1.);
#3496 = DIRECTION('',(0.,0.,1.));
#3497 = ORIENTED_EDGE('',*,*,#1948,.F.);
#3498 = ORIENTED_EDGE('',*,*,#3492,.F.);
#3499 = CYLINDRICAL_SURFACE('',#3500,0.5);
#3500 = AXIS2_PLACEMENT_3D('',#3501,#3502,#3503);
#3501 = CARTESIAN_POINT('',(16.66095,16.677293,-4.6E-02));
#3502 = DIRECTION('',(-0.,-0.,-1.));
#3503 = DIRECTION('',(-0.,-1.,0.));
#3504 = ADVANCED_FACE('',(#3505),#3516,.F.);
#3505 = FACE_BOUND('',#3506,.T.);
#3506 = EDGE_LOOP('',(#3507,#3508,#3514,#3515));
#3507 = ORIENTED_EDGE('',*,*,#971,.T.);
#3508 = ORIENTED_EDGE('',*,*,#3509,.T.);
#3509 = EDGE_CURVE('',#972,#1960,#3510,.T.);
#3510 = LINE('',#3511,#3512);
#3511 = CARTESIAN_POINT('',(20.66095,11.057293,-4.6E-02));
#3512 = VECTOR('',#3513,1.);
#3513 = DIRECTION('',(0.,0.,1.));
#3514 = ORIENTED_EDGE('',*,*,#1959,.F.);
#3515 = ORIENTED_EDGE('',*,*,#3509,.F.);
#3516 = CYLINDRICAL_SURFACE('',#3517,0.5);
#3517 = AXIS2_PLACEMENT_3D('',#3518,#3519,#3520);
#3518 = CARTESIAN_POINT('',(20.66095,11.557293,-4.6E-02));
#3519 = DIRECTION('',(-0.,-0.,-1.));
#3520 = DIRECTION('',(-0.,-1.,0.));
#3521 = ADVANCED_FACE('',(#3522),#3533,.F.);
#3522 = FACE_BOUND('',#3523,.T.);
#3523 = EDGE_LOOP('',(#3524,#3525,#3531,#3532));
#3524 = ORIENTED_EDGE('',*,*,#982,.T.);
#3525 = ORIENTED_EDGE('',*,*,#3526,.T.);
#3526 = EDGE_CURVE('',#983,#1971,#3527,.T.);
#3527 = LINE('',#3528,#3529);
#3528 = CARTESIAN_POINT('',(20.66095,13.597293,-4.6E-02));
#3529 = VECTOR('',#3530,1.);
#3530 = DIRECTION('',(0.,0.,1.));
#3531 = ORIENTED_EDGE('',*,*,#1970,.F.);
#3532 = ORIENTED_EDGE('',*,*,#3526,.F.);
#3533 = CYLINDRICAL_SURFACE('',#3534,0.5);
#3534 = AXIS2_PLACEMENT_3D('',#3535,#3536,#3537);
#3535 = CARTESIAN_POINT('',(20.66095,14.097293,-4.6E-02));
#3536 = DIRECTION('',(-0.,-0.,-1.));
#3537 = DIRECTION('',(-0.,-1.,0.));
#3538 = ADVANCED_FACE('',(#3539),#3550,.F.);
#3539 = FACE_BOUND('',#3540,.T.);
#3540 = EDGE_LOOP('',(#3541,#3542,#3548,#3549));
#3541 = ORIENTED_EDGE('',*,*,#993,.T.);
#3542 = ORIENTED_EDGE('',*,*,#3543,.T.);
#3543 = EDGE_CURVE('',#994,#1982,#3544,.T.);
#3544 = LINE('',#3545,#3546);
#3545 = CARTESIAN_POINT('',(20.66095,16.137293,-4.6E-02));
#3546 = VECTOR('',#3547,1.);
#3547 = DIRECTION('',(0.,0.,1.));
#3548 = ORIENTED_EDGE('',*,*,#1981,.F.);
#3549 = ORIENTED_EDGE('',*,*,#3543,.F.);
#3550 = CYLINDRICAL_SURFACE('',#3551,0.5);
#3551 = AXIS2_PLACEMENT_3D('',#3552,#3553,#3554);
#3552 = CARTESIAN_POINT('',(20.66095,16.637293,-4.6E-02));
#3553 = DIRECTION('',(-0.,-0.,-1.));
#3554 = DIRECTION('',(-0.,-1.,0.));
#3555 = ADVANCED_FACE('',(#3556),#3567,.F.);
#3556 = FACE_BOUND('',#3557,.T.);
#3557 = EDGE_LOOP('',(#3558,#3559,#3565,#3566));
#3558 = ORIENTED_EDGE('',*,*,#1004,.T.);
#3559 = ORIENTED_EDGE('',*,*,#3560,.T.);
#3560 = EDGE_CURVE('',#1005,#1993,#3561,.T.);
#3561 = LINE('',#3562,#3563);
#3562 = CARTESIAN_POINT('',(4.58095,35.637293,-4.6E-02));
#3563 = VECTOR('',#3564,1.);
#3564 = DIRECTION('',(0.,0.,1.));
#3565 = ORIENTED_EDGE('',*,*,#1992,.F.);
#3566 = ORIENTED_EDGE('',*,*,#3560,.F.);
#3567 = CYLINDRICAL_SURFACE('',#3568,0.5);
#3568 = AXIS2_PLACEMENT_3D('',#3569,#3570,#3571);
#3569 = CARTESIAN_POINT('',(4.58095,36.137293,-4.6E-02));
#3570 = DIRECTION('',(-0.,-0.,-1.));
#3571 = DIRECTION('',(-0.,-1.,0.));
#3572 = ADVANCED_FACE('',(#3573),#3584,.F.);
#3573 = FACE_BOUND('',#3574,.T.);
#3574 = EDGE_LOOP('',(#3575,#3576,#3582,#3583));
#3575 = ORIENTED_EDGE('',*,*,#1015,.T.);
#3576 = ORIENTED_EDGE('',*,*,#3577,.T.);
#3577 = EDGE_CURVE('',#1016,#2004,#3578,.T.);
#3578 = LINE('',#3579,#3580);
#3579 = CARTESIAN_POINT('',(7.12095,35.637293,-4.6E-02));
#3580 = VECTOR('',#3581,1.);
#3581 = DIRECTION('',(0.,0.,1.));
#3582 = ORIENTED_EDGE('',*,*,#2003,.F.);
#3583 = ORIENTED_EDGE('',*,*,#3577,.F.);
#3584 = CYLINDRICAL_SURFACE('',#3585,0.5);
#3585 = AXIS2_PLACEMENT_3D('',#3586,#3587,#3588);
#3586 = CARTESIAN_POINT('',(7.12095,36.137293,-4.6E-02));
#3587 = DIRECTION('',(-0.,-0.,-1.));
#3588 = DIRECTION('',(-0.,-1.,0.));
#3589 = ADVANCED_FACE('',(#3590),#3601,.F.);
#3590 = FACE_BOUND('',#3591,.T.);
#3591 = EDGE_LOOP('',(#3592,#3593,#3599,#3600));
#3592 = ORIENTED_EDGE('',*,*,#1026,.T.);
#3593 = ORIENTED_EDGE('',*,*,#3594,.T.);
#3594 = EDGE_CURVE('',#1027,#2015,#3595,.T.);
#3595 = LINE('',#3596,#3597);
#3596 = CARTESIAN_POINT('',(9.66095,35.637293,-4.6E-02));
#3597 = VECTOR('',#3598,1.);
#3598 = DIRECTION('',(0.,0.,1.));
#3599 = ORIENTED_EDGE('',*,*,#2014,.F.);
#3600 = ORIENTED_EDGE('',*,*,#3594,.F.);
#3601 = CYLINDRICAL_SURFACE('',#3602,0.5);
#3602 = AXIS2_PLACEMENT_3D('',#3603,#3604,#3605);
#3603 = CARTESIAN_POINT('',(9.66095,36.137293,-4.6E-02));
#3604 = DIRECTION('',(-0.,-0.,-1.));
#3605 = DIRECTION('',(-0.,-1.,0.));
#3606 = ADVANCED_FACE('',(#3607),#3618,.F.);
#3607 = FACE_BOUND('',#3608,.T.);
#3608 = EDGE_LOOP('',(#3609,#3610,#3616,#3617));
#3609 = ORIENTED_EDGE('',*,*,#1037,.T.);
#3610 = ORIENTED_EDGE('',*,*,#3611,.T.);
#3611 = EDGE_CURVE('',#1038,#2026,#3612,.T.);
#3612 = LINE('',#3613,#3614);
#3613 = CARTESIAN_POINT('',(16.66095,21.247293,-4.6E-02));
#3614 = VECTOR('',#3615,1.);
#3615 = DIRECTION('',(0.,0.,1.));
#3616 = ORIENTED_EDGE('',*,*,#2025,.F.);
#3617 = ORIENTED_EDGE('',*,*,#3611,.F.);
#3618 = CYLINDRICAL_SURFACE('',#3619,0.35);
#3619 = AXIS2_PLACEMENT_3D('',#3620,#3621,#3622);
#3620 = CARTESIAN_POINT('',(16.66095,21.597293,-4.6E-02));
#3621 = DIRECTION('',(-0.,-0.,-1.));
#3622 = DIRECTION('',(-0.,-1.,0.));
#3623 = ADVANCED_FACE('',(#3624),#3635,.F.);
#3624 = FACE_BOUND('',#3625,.T.);
#3625 = EDGE_LOOP('',(#3626,#3627,#3633,#3634));
#3626 = ORIENTED_EDGE('',*,*,#1048,.T.);
#3627 = ORIENTED_EDGE('',*,*,#3628,.T.);
#3628 = EDGE_CURVE('',#1049,#2037,#3629,.T.);
#3629 = LINE('',#3630,#3631);
#3630 = CARTESIAN_POINT('',(16.66095,26.327293,-4.6E-02));
#3631 = VECTOR('',#3632,1.);
#3632 = DIRECTION('',(0.,0.,1.));
#3633 = ORIENTED_EDGE('',*,*,#2036,.F.);
#3634 = ORIENTED_EDGE('',*,*,#3628,.F.);
#3635 = CYLINDRICAL_SURFACE('',#3636,0.35);
#3636 = AXIS2_PLACEMENT_3D('',#3637,#3638,#3639);
#3637 = CARTESIAN_POINT('',(16.66095,26.677293,-4.6E-02));
#3638 = DIRECTION('',(-0.,-0.,-1.));
#3639 = DIRECTION('',(-0.,-1.,0.));
#3640 = ADVANCED_FACE('',(#3641),#3652,.F.);
#3641 = FACE_BOUND('',#3642,.T.);
#3642 = EDGE_LOOP('',(#3643,#3644,#3650,#3651));
#3643 = ORIENTED_EDGE('',*,*,#1059,.T.);
#3644 = ORIENTED_EDGE('',*,*,#3645,.T.);
#3645 = EDGE_CURVE('',#1060,#2048,#3646,.T.);
#3646 = LINE('',#3647,#3648);
#3647 = CARTESIAN_POINT('',(20.66095,25.362293,-4.6E-02));
#3648 = VECTOR('',#3649,1.);
#3649 = DIRECTION('',(0.,0.,1.));
#3650 = ORIENTED_EDGE('',*,*,#2047,.F.);
#3651 = ORIENTED_EDGE('',*,*,#3645,.F.);
#3652 = CYLINDRICAL_SURFACE('',#3653,0.5);
#3653 = AXIS2_PLACEMENT_3D('',#3654,#3655,#3656);
#3654 = CARTESIAN_POINT('',(20.66095,25.862293,-4.6E-02));
#3655 = DIRECTION('',(-0.,-0.,-1.));
#3656 = DIRECTION('',(-0.,-1.,0.));
#3657 = ADVANCED_FACE('',(#3658),#3669,.F.);
#3658 = FACE_BOUND('',#3659,.T.);
#3659 = EDGE_LOOP('',(#3660,#3661,#3667,#3668));
#3660 = ORIENTED_EDGE('',*,*,#1070,.T.);
#3661 = ORIENTED_EDGE('',*,*,#3662,.T.);
#3662 = EDGE_CURVE('',#1071,#2059,#3663,.T.);
#3663 = LINE('',#3664,#3665);
#3664 = CARTESIAN_POINT('',(13.16095,29.537293,-4.6E-02));
#3665 = VECTOR('',#3666,1.);
#3666 = DIRECTION('',(0.,0.,1.));
#3667 = ORIENTED_EDGE('',*,*,#2058,.F.);
#3668 = ORIENTED_EDGE('',*,*,#3662,.F.);
#3669 = CYLINDRICAL_SURFACE('',#3670,1.1);
#3670 = AXIS2_PLACEMENT_3D('',#3671,#3672,#3673);
#3671 = CARTESIAN_POINT('',(13.16095,30.637293,-4.6E-02));
#3672 = DIRECTION('',(-0.,-0.,-1.));
#3673 = DIRECTION('',(-0.,-1.,0.));
#3674 = ADVANCED_FACE('',(#3675),#3686,.F.);
#3675 = FACE_BOUND('',#3676,.T.);
#3676 = EDGE_LOOP('',(#3677,#3678,#3684,#3685));
#3677 = ORIENTED_EDGE('',*,*,#1081,.T.);
#3678 = ORIENTED_EDGE('',*,*,#3679,.T.);
#3679 = EDGE_CURVE('',#1082,#2070,#3680,.T.);
#3680 = LINE('',#3681,#3682);
#3681 = CARTESIAN_POINT('',(12.20095,35.637293,-4.6E-02));
#3682 = VECTOR('',#3683,1.);
#3683 = DIRECTION('',(0.,0.,1.));
#3684 = ORIENTED_EDGE('',*,*,#2069,.F.);
#3685 = ORIENTED_EDGE('',*,*,#3679,.F.);
#3686 = CYLINDRICAL_SURFACE('',#3687,0.5);
#3687 = AXIS2_PLACEMENT_3D('',#3688,#3689,#3690);
#3688 = CARTESIAN_POINT('',(12.20095,36.137293,-4.6E-02));
#3689 = DIRECTION('',(-0.,-0.,-1.));
#3690 = DIRECTION('',(-0.,-1.,0.));
#3691 = ADVANCED_FACE('',(#3692),#3703,.F.);
#3692 = FACE_BOUND('',#3693,.T.);
#3693 = EDGE_LOOP('',(#3694,#3695,#3701,#3702));
#3694 = ORIENTED_EDGE('',*,*,#1092,.T.);
#3695 = ORIENTED_EDGE('',*,*,#3696,.T.);
#3696 = EDGE_CURVE('',#1093,#2081,#3697,.T.);
#3697 = LINE('',#3698,#3699);
#3698 = CARTESIAN_POINT('',(14.74095,35.637293,-4.6E-02));
#3699 = VECTOR('',#3700,1.);
#3700 = DIRECTION('',(0.,0.,1.));
#3701 = ORIENTED_EDGE('',*,*,#2080,.F.);
#3702 = ORIENTED_EDGE('',*,*,#3696,.F.);
#3703 = CYLINDRICAL_SURFACE('',#3704,0.5);
#3704 = AXIS2_PLACEMENT_3D('',#3705,#3706,#3707);
#3705 = CARTESIAN_POINT('',(14.74095,36.137293,-4.6E-02));
#3706 = DIRECTION('',(-0.,-0.,-1.));
#3707 = DIRECTION('',(-0.,-1.,0.));
#3708 = ADVANCED_FACE('',(#3709),#3720,.F.);
#3709 = FACE_BOUND('',#3710,.T.);
#3710 = EDGE_LOOP('',(#3711,#3712,#3718,#3719));
#3711 = ORIENTED_EDGE('',*,*,#1103,.T.);
#3712 = ORIENTED_EDGE('',*,*,#3713,.T.);
#3713 = EDGE_CURVE('',#1104,#2092,#3714,.T.);
#3714 = LINE('',#3715,#3716);
#3715 = CARTESIAN_POINT('',(20.66095,27.902293,-4.6E-02));
#3716 = VECTOR('',#3717,1.);
#3717 = DIRECTION('',(0.,0.,1.));
#3718 = ORIENTED_EDGE('',*,*,#2091,.F.);
#3719 = ORIENTED_EDGE('',*,*,#3713,.F.);
#3720 = CYLINDRICAL_SURFACE('',#3721,0.5);
#3721 = AXIS2_PLACEMENT_3D('',#3722,#3723,#3724);
#3722 = CARTESIAN_POINT('',(20.66095,28.402293,-4.6E-02));
#3723 = DIRECTION('',(-0.,-0.,-1.));
#3724 = DIRECTION('',(-0.,-1.,0.));
#3725 = ADVANCED_FACE('',(#3726),#3737,.F.);
#3726 = FACE_BOUND('',#3727,.T.);
#3727 = EDGE_LOOP('',(#3728,#3729,#3735,#3736));
#3728 = ORIENTED_EDGE('',*,*,#1114,.T.);
#3729 = ORIENTED_EDGE('',*,*,#3730,.T.);
#3730 = EDGE_CURVE('',#1115,#2103,#3731,.T.);
#3731 = LINE('',#3732,#3733);
#3732 = CARTESIAN_POINT('',(17.28095,35.637293,-4.6E-02));
#3733 = VECTOR('',#3734,1.);
#3734 = DIRECTION('',(0.,0.,1.));
#3735 = ORIENTED_EDGE('',*,*,#2102,.F.);
#3736 = ORIENTED_EDGE('',*,*,#3730,.F.);
#3737 = CYLINDRICAL_SURFACE('',#3738,0.5);
#3738 = AXIS2_PLACEMENT_3D('',#3739,#3740,#3741);
#3739 = CARTESIAN_POINT('',(17.28095,36.137293,-4.6E-02));
#3740 = DIRECTION('',(-0.,-0.,-1.));
#3741 = DIRECTION('',(-0.,-1.,0.));
#3742 = ( GEOMETRIC_REPRESENTATION_CONTEXT(3) 
GLOBAL_UNCERTAINTY_ASSIGNED_CONTEXT((#3746)) 
GLOBAL_UNIT_ASSIGNED_CONTEXT((#3743,#3744,#3745)) REPRESENTATION_CONTEXT
('Context #1','3D Context with UNIT and UNCERTAINTY') );
#3743 = ( LENGTH_UNIT() NAMED_UNIT(*) SI_UNIT(.MILLI.,.METRE.) );
#3744 = ( NAMED_UNIT(*) PLANE_ANGLE_UNIT() SI_UNIT($,.RADIAN.) );
#3745 = ( NAMED_UNIT(*) SI_UNIT($,.STERADIAN.) SOLID_ANGLE_UNIT() );
#3746 = UNCERTAINTY_MEASURE_WITH_UNIT(LENGTH_MEASURE(1.E-07),#3743,
  'distance_accuracy_value','confusion accuracy');
#3747 = CONTEXT_DEPENDENT_SHAPE_REPRESENTATION(#3748,#3750);
#3748 = ( REPRESENTATION_RELATIONSHIP('','',#32,#10) 
REPRESENTATION_RELATIONSHIP_WITH_TRANSFORMATION(#3749) 
SHAPE_REPRESENTATION_RELATIONSHIP() );
#3749 = ITEM_DEFINED_TRANSFORMATION('','',#11,#15);
#3750 = PRODUCT_DEFINITION_SHAPE('Placement','Placement of an item',
  #3751);
#3751 = NEXT_ASSEMBLY_USAGE_OCCURRENCE('1','=>[0:1:1:2]','',#5,#27,$);
#3752 = PRODUCT_RELATED_PRODUCT_CATEGORY('part',$,(#29));
#3753 = MECHANICAL_DESIGN_GEOMETRIC_PRESENTATION_REPRESENTATION('',(
    #3754),#3742);
#3754 = STYLED_ITEM('color',(#3755),#33);
#3755 = PRESENTATION_STYLE_ASSIGNMENT((#3756));
#3756 = SURFACE_STYLE_USAGE(.BOTH.,#3757);
#3757 = SURFACE_SIDE_STYLE('',(#3758));
#3758 = SURFACE_STYLE_FILL_AREA(#3759);
#3759 = FILL_AREA_STYLE('',(#3760));
#3760 = FILL_AREA_STYLE_COLOUR('',#3761);
#3761 = COLOUR_RGB('',0.313304153717,0.484529207832,0.410020903123);
ENDSEC;
END-ISO-10303-21;
